,Word,Inverted Index
0,variety,"[['Doc1', 1, [5877]], ['Doc2', 0, []]]"
1,acceleration,"[['Doc1', 1, [37306]], ['Doc2', 0, []]]"
2,capability,"[['Doc1', 2, [4870, 5943]], ['Doc2', 0, []]]"
3,resulting,"[['Doc1', 1, [13225]], ['Doc2', 0, []]]"
4,all,"[['Doc1', 2, [11624, 12837]], ['Doc2', 0, []]]"
5,ubiquitous,"[['Doc1', 1, [39052]], ['Doc2', 0, []]]"
6,site,"[['Doc1', 6, [870, 2378, 2958, 3006, 11940, 11964]], ['Doc2', 0, []]]"
7,deducible,"[['Doc1', 1, [17065]], ['Doc2', 0, []]]"
8,lost,"[['Doc1', 1, [6673]], ['Doc2', 0, []]]"
9,warehouse,"[['Doc1', 3, [26369, 36061, 36710]], ['Doc2', 0, []]]"
10,world,"[['Doc1', 7, [412, 10280, 10420, 16725, 16907, 20946, 38794]], ['Doc2', 0, []]]"
11,type,"[['Doc1', 3, [1384, 1575, 9190]], ['Doc2', 0, []]]"
12,example,"[['Doc1', 1, [11551]], ['Doc2', 0, []]]"
13,network,"[['Doc1', 9, [982, 1119, 37429, 37450, 37467, 37486, 37504, 37535, 38931]], ['Doc2', 0, []]]"
14,lawful,"[['Doc1', 1, [22036]], ['Doc2', 0, []]]"
15,additional,"[['Doc1', 5, [5736, 8858, 20602, 4193, 41963]], ['Doc2', 0, []]]"
16,result,"[['Doc1', 5, [7962, 8445, 12396, 4080, 17141]], ['Doc2', 0, []]]"
17,evaluation,"[['Doc1', 3, [9154, 13079, 37524]], ['Doc2', 0, []]]"
18,phrase,"[['Doc1', 1, [6114]], ['Doc2', 0, []]]"
19,probability,"[['Doc1', 1, [38386]], ['Doc2', 0, []]]"
20,end,"[['Doc1', 3, [4056, 31665, 32361]], ['Doc2', 0, []]]"
21,computability,"[['Doc1', 1, [38154]], ['Doc2', 0, []]]"
22,overview,"[['Doc1', 2, [30549, 33753]], ['Doc2', 0, []]]"
23,single,"[['Doc1', 2, [11473, 11540]], ['Doc2', 0, []]]"
24,during,"[['Doc1', 1, [6393]], ['Doc2', 0, []]]"
25,neither,"[['Doc1', 1, [4029]], ['Doc2', 0, []]]"
26,property,"[['Doc1', 1, [20667]], ['Doc2', 0, []]]"
27,importance,"[['Doc1', 3, [12166, 15692, 33239]], ['Doc2', 0, []]]"
28,knowledge,"[['Doc1', 28, [6307, 6796, 10136, 13499, 14753, 15939, 16212, 16953, 2455, 6401, 6759, 6937, 7163, 7467, 8769, 12704, 14158, 14517, 14609, 14684, 27944, 29571, 30279, 30335, 31105, 33792, 35632, 39257]], ['Doc2', 0, []]]"
29,eventually,"[['Doc1', 1, [4716]], ['Doc2', 0, []]]"
30,web,"[['Doc1', 108, [0, 23, 326, 801, 866, 879, 902, 978, 1124, 1165, 1263, 1274, 1358, 1457, 1552, 1677, 1731, 1750, 1787, 1810, 1833, 1981, 2004, 2059, 2077, 2100, 2173, 2228, 2248, 2267, 2288, 2374, 2954, 3050, 3073, 3179, 3311, 3361, 3371, 3469, 3521, 4269, 4359, 4506, 5567, 5957, 6215, 6432, 6606, 8975, 9074, 9163, 9198, 9219, 9375, 9530, 9564, 9614, 9781, 10018, 10043, 10151, 10431, 10763, 10949, 11140, 11936, 11960, 12877, 12938, 13113, 13315, 13545, 13562, 13576, 13903, 14080, 14259, 14433, 14475, 15392, 15404, 15438, 15542, 15861, 15876, 16134, 16149, 16541, 16918, 17067, 17480, 17620, 17797, 17991, 18099, 18208, 18261, 18376, 18570, 19183, 19414, 20438, 22713, 26491, 27160, 34429, 38805]], ['Doc2', 0, []]]"
31,bot,"[['Doc1', 1, [11603]], ['Doc2', 0, []]]"
32,sub,"[['Doc1', 1, [2939]], ['Doc2', 0, []]]"
33,dimensional,"[['Doc1', 1, [36160]], ['Doc2', 0, []]]"
34,year,"[['Doc1', 1, [7075]], ['Doc2', 0, []]]"
35,commodity,"[['Doc1', 1, [7500]], ['Doc2', 0, []]]"
36,lack,"[['Doc1', 1, [10195]], ['Doc2', 0, []]]"
37,surrogate,"[['Doc1', 1, [36419]], ['Doc2', 0, []]]"
38,comprehensive,"[['Doc1', 1, [22985]], ['Doc2', 0, []]]"
39,graph,"[['Doc1', 5, [2617, 2634, 2657, 9100, 9584]], ['Doc2', 0, []]]"
40,popular,"[['Doc1', 2, [6583, 6671]], ['Doc2', 0, []]]"
41,efficiency,"[['Doc1', 1, [38286]], ['Doc2', 0, []]]"
42,methodology,"[['Doc1', 7, [9341, 9368, 30026, 30087, 30148, 30209, 39353]], ['Doc2', 0, []]]"
43,dimensionality,"[['Doc1', 1, [765]], ['Doc2', 0, []]]"
44,written,"[['Doc1', 5, [22829, 23362, 23593, 23889, 24555]], ['Doc2', 0, []]]"
45,help,"[['Doc1', 3, [223, 9040, 15219]], ['Doc2', 0, []]]"
46,peter,"[['Doc1', 1, [17383]], ['Doc2', 0, []]]"
47,scale,"[['Doc1', 1, [37190]], ['Doc2', 0, []]]"
48,decided,"[['Doc1', 1, [9958]], ['Doc2', 0, []]]"
49,basis,"[['Doc1', 1, [7161]], ['Doc2', 0, []]]"
50,final,"[['Doc1', 3, [12690, 13939, 15295]], ['Doc2', 0, []]]"
51,following,"[['Doc1', 3, [17553, 22480, 24657]], ['Doc2', 0, []]]"
52,table,"[['Doc1', 3, [2651, 36443, 36497]], ['Doc2', 0, []]]"
53,about,"[['Doc1', 10, [856, 4457, 6372, 11467, 20814, 4807, 12490, 26855, 26893, 42175]], ['Doc2', 0, []]]"
54,built,"[['Doc1', 1, [3721]], ['Doc2', 0, []]]"
55,june,"[['Doc1', 6, [19501, 19587, 19633, 19671, 29697, 33021]], ['Doc2', 0, []]]"
56,comparison,"[['Doc1', 3, [2214, 9654, 36945]], ['Doc2', 0, []]]"
57,frequently,"[['Doc1', 2, [2572, 10780]], ['Doc2', 0, []]]"
58,if,"[['Doc1', 5, [249, 6767, 8808, 13719, 13875]], ['Doc2', 0, []]]"
59,need,"[['Doc1', 1, [33258]], ['Doc2', 0, []]]"
60,error,"[['Doc1', 1, [11331]], ['Doc2', 0, []]]"
61,missing,"[['Doc1', 3, [18999, 10263, 12470]], ['Doc2', 0, []]]"
62,anonymous,"[['Doc1', 3, [6911, 7766, 8688]], ['Doc2', 0, []]]"
63,able,"[['Doc1', 3, [17393, 17706, 18121]], ['Doc2', 0, []]]"
64,provide,"[['Doc1', 5, [10506, 10563, 10835, 8493, 19556]], ['Doc2', 0, []]]"
65,common,"[['Doc1', 5, [13286, 10017, 10320, 12911, 16815]], ['Doc2', 0, []]]"
66,commerce,"[['Doc1', 1, [14067]], ['Doc2', 0, []]]"
67,better,"[['Doc1', 4, [3215, 4984, 5056, 11827]], ['Doc2', 0, []]]"
68,after,"[['Doc1', 1, [20961]], ['Doc2', 0, []]]"
69,venomous,"[['Doc1', 1, [11790]], ['Doc2', 0, []]]"
70,farming,"[['Doc1', 1, [35812]], ['Doc2', 0, []]]"
71,classified,"[['Doc1', 1, [3402]], ['Doc2', 0, []]]"
72,predict,"[['Doc1', 1, [11991]], ['Doc2', 0, []]]"
73,tagged,"[['Doc1', 1, [19543]], ['Doc2', 0, []]]"
74,selling,"[['Doc1', 2, [7473, 18566]], ['Doc2', 0, []]]"
75,increasingly,"[['Doc1', 1, [7968]], ['Doc2', 0, []]]"
76,direction,"[['Doc1', 1, [1317]], ['Doc2', 0, []]]"
77,degenerate,"[['Doc1', 1, [36503]], ['Doc2', 0, []]]"
78,originally,"[['Doc1', 3, [2998, 17462, 24470]], ['Doc2', 0, []]]"
79,approach,"[['Doc1', 2, [10937, 19865]], ['Doc2', 0, []]]"
80,loss,"[['Doc1', 1, [35875]], ['Doc2', 0, []]]"
81,printed,"[['Doc1', 1, [37127]], ['Doc2', 0, []]]"
82,tool,"[['Doc1', 6, [16800, 18790, 23110, 23171, 24758, 35683]], ['Doc2', 0, []]]"
83,and,"[['Doc1', 254, [284, 554, 586, 604, 658, 733, 766, 875, 1175, 1228, 1510, 2096, 2184, 3035, 3211, 3582, 3833, 3952, 4286, 4332, 4472, 4826, 5063, 5130, 5777, 6059, 6107, 6148, 6272, 6358, 6857, 7134, 7243, 7400, 7644, 7776, 8339, 8725, 9133, 10088, 10132, 10187, 10366, 10377, 10412, 10495, 10805, 11104, 11242, 11321, 11531, 11687, 11857, 12623, 12671, 12843, 12854, 12983, 13025, 13089, 13270, 13412, 13509, 14076, 14284, 14588, 14662, 14749, 15315, 15566, 15709, 15817, 15872, 16145, 16645, 16696, 16859, 16963, 17029, 17063, 17222, 17252, 17442, 17735, 17900, 18116, 18245, 18347, 18640, 18842, 20680, 1710, 1800, 1902, 2147, 2203, 2342, 2451, 2565, 2697, 2836, 2918, 3054, 3177, 3255, 3540, 3756, 3829, 4102, 4248, 4309, 4480, 4623, 5121, 5319, 5373, 5497, 6557, 6597, 6695, 6755, 6933, 7048, 7159, 7463, 7699, 7760, 7858, 7916, 8216, 8244, 8450, 8590, 8646, 9245, 9309, 9619, 9631, 9677, 10248, 10807, 10960, 11500, 11734, 11905, 12015, 12064, 12143, 12345, 13217, 13822, 13852, 13987, 14178, 14283, 14318, 14513, 14578, 14593, 14704, 14848, 15090, 15199, 15531, 16091, 16126, 16309, 16389, 16447, 16788, 17184, 17629, 17728, 17745, 18752, 19173, 19433, 19564, 19589, 20004, 20077, 20111, 20374, 20890, 21269, 21352, 21510, 21611, 21744, 21887, 22317, 22384, 22453, 22624, 22709, 22799, 22895, 22981, 23191, 23476, 23676, 23702, 23853, 23947, 24012, 24226, 24458, 24630, 24850, 24892, 24967, 25123, 25300, 25345, 25479, 27231, 27572, 27735, 28076, 28475, 29092, 29400, 29567, 29907, 30242, 30299, 30495, 30524, 30774, 31125, 31505, 31832, 31916, 32647, 33219, 33250, 33802, 33986, 34088, 34159, 34195, 34269, 34360, 34477, 34799, 34886, 34995, 35090, 35219, 35396, 36998, 39282, 39331, 42041]], ['Doc2', 0, []]]"
84,fuzzy,"[['Doc1', 3, [18120, 18421, 18480]], ['Doc2', 0, []]]"
85,combining,"[['Doc1', 2, [8919, 16899]], ['Doc2', 0, []]]"
86,vol,"[['Doc1', 1, [17321]], ['Doc2', 0, []]]"
87,personally,"[['Doc1', 1, [18264]], ['Doc2', 0, []]]"
88,application,"[['Doc1', 14, [344, 2826, 3097, 3599, 3635, 3849, 3874, 8904, 2728, 22567, 24798, 26253, 26502, 38969]], ['Doc2', 0, []]]"
89,volume,"[['Doc1', 2, [4556, 30365]], ['Doc2', 0, []]]"
90,econometric,"[['Doc1', 1, [29242]], ['Doc2', 0, []]]"
91,fight,"[['Doc1', 1, [4830]], ['Doc2', 0, []]]"
92,marked,"[['Doc1', 2, [40467, 40522]], ['Doc2', 0, []]]"
93,mining,"[['Doc1', 185, [4, 27, 330, 364, 482, 815, 914, 992, 1138, 1288, 1402, 1593, 1735, 1760, 1801, 1822, 1845, 1985, 2008, 2089, 2177, 2207, 2232, 2260, 2281, 2298, 3083, 3117, 3381, 4240, 4279, 4367, 4516, 4884, 5967, 6225, 6404, 6442, 6616, 7846, 8054, 8639, 9088, 9233, 9409, 9544, 10055, 10814, 10953, 11152, 11886, 12713, 12757, 12881, 13125, 13466, 13604, 14742, 14847, 15503, 15608, 15865, 16138, 16900, 17272, 17609, 18109, 18212, 18633, 18778, 5, 29, 133, 1574, 1740, 1998, 3072, 3316, 3877, 4136, 4257, 4451, 4666, 5034, 5303, 5992, 6239, 6652, 6748, 6926, 7152, 7367, 7456, 8286, 8898, 9042, 9425, 9592, 9733, 9809, 10300, 11866, 12786, 12864, 12927, 13132, 13297, 13861, 14187, 14449, 14713, 14725, 14980, 15068, 15113, 15512, 15577, 15672, 15891, 15943, 16031, 16245, 16352, 16483, 16683, 17120, 17650, 18607, 20008, 20216, 20397, 20628, 20867, 21143, 21361, 21809, 21940, 22377, 22437, 23084, 23846, 24751, 24976, 25049, 25203, 25354, 25414, 25488, 25535, 25601, 25662, 25737, 25787, 25861, 26055, 26164, 26225, 26422, 26495, 26554, 26694, 26845, 27129, 27235, 27273, 27934, 28150, 28210, 28932, 30308, 30658, 30982, 31825, 32010, 32136, 32970, 33907, 34560, 34692, 34857, 35676, 35901, 36658, 36746, 38734]], ['Doc2', 0, []]]"
94,leave,"[['Doc1', 1, [21641]], ['Doc2', 0, []]]"
95,sophisticated,"[['Doc1', 1, [10988]], ['Doc2', 0, []]]"
96,refer,"[['Doc1', 2, [4641, 5561]], ['Doc2', 0, []]]"
97,generate,"[['Doc1', 2, [828, 1179]], ['Doc2', 0, []]]"
98,no,"[['Doc1', 7, [178, 6957, 8003, 8352, 8822, 16188, 20575]], ['Doc2', 0, []]]"
99,peripheral,"[['Doc1', 1, [37149]], ['Doc2', 0, []]]"
100,service,"[['Doc1', 3, [8465, 28961, 37543]], ['Doc2', 0, []]]"
101,snowflake,"[['Doc1', 1, [36203]], ['Doc2', 0, []]]"
102,jump,"[['Doc1', 4, [72, 91, 74, 93]], ['Doc2', 0, []]]"
103,spelling,"[['Doc1', 1, [11709]], ['Doc2', 0, []]]"
104,a,"[['Doc1', 106, [1700, 3359, 3762, 4081, 4476, 5377, 5525, 5941, 7112, 7330, 7498, 8476, 9161, 9319, 9334, 9387, 9948, 10843, 11073, 11958, 11979, 12189, 14368, 14864, 15113, 15425, 18222, 18788, 18816, 19181, 19567, 20307, 20714, 20772, 1891, 1937, 2392, 2551, 3719, 4002, 4377, 4548, 4700, 5693, 5875, 6089, 6112, 6188, 7073, 9179, 9652, 9764, 10015, 10043, 10635, 11284, 11429, 11601, 11664, 11707, 11846, 12043, 12201, 12354, 13095, 13290, 13388, 14350, 15293, 15654, 16813, 16958, 17139, 18163, 18524, 18964, 19874, 20516, 20877, 22682, 22738, 22865, 22965, 23056, 23228, 23268, 23536, 23655, 23823, 23924, 24381, 24505, 27261, 27850, 28688, 30267, 30538, 32079, 32265, 33418, 33767, 36116, 36596, 41305, 42075, 42133]], ['Doc2', 0, []]]"
105,identify,"[['Doc1', 5, [8288, 13363, 17466, 3895, 17401]], ['Doc2', 0, []]]"
106,issue,"[['Doc1', 3, [6590, 18888, 30375]], ['Doc2', 0, []]]"
107,hidden,"[['Doc1', 3, [906, 4529, 8367]], ['Doc2', 0, []]]"
108,learned,"[['Doc1', 5, [13170, 13440, 13726, 13882, 13970]], ['Doc2', 0, []]]"
109,bought,"[['Doc1', 1, [10791]], ['Doc2', 0, []]]"
110,professional,"[['Doc1', 1, [14044]], ['Doc2', 0, []]]"
111,philosophy,"[['Doc1', 1, [39380]], ['Doc2', 0, []]]"
112,rate,"[['Doc1', 1, [7393]], ['Doc2', 0, []]]"
113,provision,"[['Doc1', 2, [21221, 21766]], ['Doc2', 0, []]]"
114,enterprise,"[['Doc1', 3, [25512, 38565, 39737]], ['Doc2', 0, []]]"
115,quality,"[['Doc1', 4, [159, 7340, 35986, 37638]], ['Doc2', 0, []]]"
116,intersection,"[['Doc1', 1, [1664]], ['Doc2', 0, []]]"
117,identifiable,"[['Doc1', 1, [18275]], ['Doc2', 0, []]]"
118,any,"[['Doc1', 9, [7822, 7925, 2594, 2724, 4829, 17633, 19693, 20286, 23373]], ['Doc2', 0, []]]"
119,average,"[['Doc1', 1, [19908]], ['Doc2', 0, []]]"
120,collaborative,"[['Doc1', 1, [5881]], ['Doc2', 0, []]]"
121,wide,"[['Doc1', 9, [418, 10286, 10426, 16731, 16913, 18565, 19444, 24266, 38800]], ['Doc2', 0, []]]"
122,extract,"[['Doc1', 5, [2883, 4389, 1839, 3403, 36567]], ['Doc2', 0, []]]"
123,that,"[['Doc1', 35, [4354, 6232, 6942, 7287, 9357, 10213, 11013, 11388, 12378, 13240, 4267, 4729, 5838, 9323, 10449, 10490, 10987, 11295, 11337, 11934, 12747, 16964, 16995, 17914, 18189, 20170, 20561, 20691, 21796, 21966, 22148, 22260, 23287, 24863, 25153]], ['Doc2', 0, []]]"
124,side,"[['Doc1', 1, [19026]], ['Doc2', 0, []]]"
125,surveillance,"[['Doc1', 4, [19005, 26771, 26791, 27136]], ['Doc2', 0, []]]"
126,uncover,"[['Doc1', 2, [4506, 9825]], ['Doc2', 0, []]]"
127,first,"[['Doc1', 3, [14098, 6513, 6887]], ['Doc2', 0, []]]"
128,situation,"[['Doc1', 9, [8561, 5136, 5160, 5211, 5235, 18687, 19238, 20323, 21689]], ['Doc2', 0, []]]"
129,area,"[['Doc1', 1, [5605]], ['Doc2', 0, []]]"
130,than,"[['Doc1', 2, [19716, 21493]], ['Doc2', 0, []]]"
131,concern,"[['Doc1', 1, [7276]], ['Doc2', 0, []]]"
132,these,"[['Doc1', 13, [4019, 5911, 6276, 6987, 7780, 8182, 10642, 3684, 4854, 8320, 9450, 9924, 15169]], ['Doc2', 0, []]]"
133,net,"[['Doc1', 1, [877]], ['Doc2', 0, []]]"
134,as,"[['Doc1', 59, [428, 1210, 2383, 5671, 6049, 7109, 7495, 8805, 10301, 10440, 10748, 10775, 10783, 11581, 11780, 12554, 18219, 18785, 20322, 2713, 2721, 3457, 3664, 3716, 4190, 7183, 7884, 8135, 8994, 9205, 9492, 9801, 10886, 11224, 11243, 12263, 13704, 14806, 15545, 15598, 16581, 17887, 18087, 18961, 19092, 19397, 20068, 20432, 20874, 21473, 21828, 21836, 21869, 21913, 21929, 22027, 22072, 24443, 41320]], ['Doc2', 0, []]]"
135,can,"[['Doc1', 36, [1295, 1409, 2015, 3395, 3918, 3964, 4374, 4904, 4970, 5112, 5157, 5251, 5332, 6237, 7094, 8571, 8881, 9036, 9240, 11018, 12325, 3699, 3939, 9751, 9816, 10747, 11873, 11909, 12300, 13564, 16038, 16359, 16371, 17842, 18004, 18379]], ['Doc2', 0, []]]"
136,via,"[['Doc1', 1, [19353]], ['Doc2', 0, []]]"
137,circuit,"[['Doc1', 2, [37135, 37171]], ['Doc2', 0, []]]"
138,ethics,"[['Doc1', 1, [5125]], ['Doc2', 0, []]]"
139,visualization,"[['Doc1', 2, [11486, 39073]], ['Doc2', 0, []]]"
140,order,"[['Doc1', 2, [3191, 11809]], ['Doc2', 0, []]]"
141,known,"[['Doc1', 3, [11044, 11119, 12257]], ['Doc2', 0, []]]"
142,under,"[['Doc1', 11, [12358, 20543, 5869, 6990, 20349, 21377, 22043, 22517, 24694, 32983, 41904]], ['Doc2', 0, []]]"
143,forest,"[['Doc1', 1, [507]], ['Doc2', 0, []]]"
144,around,"[['Doc1', 1, [6008]], ['Doc2', 0, []]]"
145,computer,"[['Doc1', 9, [1783, 2743, 7784, 8068, 14412, 30778, 37319, 37348, 39296]], ['Doc2', 0, []]]"
146,open,"[['Doc1', 2, [21615, 23785]], ['Doc2', 0, []]]"
147,rarely,"[['Doc1', 1, [12406]], ['Doc2', 0, []]]"
148,marketing,"[['Doc1', 5, [3098, 4379, 10836, 28885, 38784]], ['Doc2', 0, []]]"
149,mixed,"[['Doc1', 1, [39646]], ['Doc2', 0, []]]"
150,release,"[['Doc1', 2, [7835, 7949]], ['Doc2', 0, []]]"
151,conference,"[['Doc1', 14, [16786, 17147, 6907, 7302, 7348, 14272, 14470, 14487, 14547, 14646, 14670, 14837, 14866, 30639]], ['Doc2', 0, []]]"
152,inference,"[['Doc1', 2, [18126, 2207]], ['Doc2', 0, []]]"
153,sometimes,"[['Doc1', 1, [10864]], ['Doc2', 0, []]]"
154,become,"[['Doc1', 2, [11972, 17893]], ['Doc2', 0, []]]"
155,typically,"[['Doc1', 1, [12060]], ['Doc2', 0, []]]"
156,behaviour,"[['Doc1', 1, [19140]], ['Doc2', 0, []]]"
157,version,"[['Doc1', 3, [20338, 12210, 41336]], ['Doc2', 0, []]]"
158,practice,"[['Doc1', 3, [5599, 5847, 14597]], ['Doc2', 0, []]]"
159,costa,"[['Doc1', 1, [4326]], ['Doc2', 0, []]]"
160,primary,"[['Doc1', 2, [7324, 7494]], ['Doc2', 0, []]]"
161,the,"[['Doc1', 386, [50, 340, 408, 431, 489, 789, 862, 939, 1017, 1039, 1057, 1092, 1108, 1161, 1188, 1213, 1341, 1431, 2122, 2155, 3093, 3228, 3285, 3434, 3486, 3517, 3779, 4113, 4139, 4463, 4855, 5030, 5043, 5199, 5305, 5390, 5421, 5469, 5506, 5601, 5674, 5759, 5816, 5837, 6098, 6246, 6290, 6400, 6562, 6626, 6821, 6889, 7023, 7157, 7292, 7317, 7359, 7430, 7452, 7610, 7666, 7713, 7737, 7896, 7912, 7945, 8039, 8215, 8255, 8297, 8375, 8589, 8630, 8655, 8707, 8729, 8900, 8965, 9124, 9186, 9310, 9371, 9416, 9452, 9870, 9936, 9969, 10001, 10065, 10169, 10191, 10234, 10276, 10399, 10416, 10912, 10921, 10969, 11275, 11401, 11452, 11561, 11598, 11628, 11646, 11673, 11705, 11737, 11787, 11823, 11873, 11882, 11915, 11932, 12076, 12101, 12162, 12308, 12364, 12383, 12423, 12467, 12540, 12656, 12776, 13173, 13257, 13372, 13393, 13771, 15049, 15378, 15510, 15678, 15962, 16235, 16600, 16721, 16759, 17833, 18455, 20549, 20663, 20740, 52, 1584, 1660, 1916, 2008, 2029, 2098, 2366, 2412, 2424, 2497, 2863, 3058, 3126, 3300, 3331, 3740, 3868, 3923, 4037, 4127, 4166, 4211, 4327, 4356, 4413, 4576, 4650, 4813, 4933, 5173, 5248, 5472, 5591, 5658, 5773, 5843, 5978, 6023, 6461, 6509, 6531, 6638, 6682, 6733, 6808, 6832, 6883, 7118, 7233, 7280, 7320, 7439, 7490, 7522, 7550, 7732, 8099, 8296, 8339, 8418, 8501, 8567, 8626, 8765, 8841, 8997, 9328, 9356, 9405, 9862, 9872, 10113, 10160, 10214, 10405, 10731, 10929, 10978, 11064, 11094, 11307, 11321, 11361, 11462, 11685, 11738, 11762, 11808, 12283, 12333, 12584, 12654, 12686, 12752, 12777, 12813, 12965, 13007, 13075, 13123, 13166, 13221, 13257, 13436, 13477, 13535, 13551, 13684, 13722, 13755, 13833, 13878, 13907, 13935, 13966, 14032, 14065, 14078, 14809, 14971, 15009, 15094, 15323, 15394, 15414, 15503, 15601, 15828, 16149, 16241, 16329, 16587, 17151, 17192, 17210, 17224, 17283, 17314, 17358, 17448, 17549, 17594, 17609, 17671, 17719, 17736, 17768, 17813, 18234, 18311, 18429, 18493, 18542, 18645, 18799, 18813, 18837, 19109, 19143, 19251, 19278, 19337, 19357, 19400, 19465, 19721, 19753, 19779, 19807, 19951, 20081, 20151, 20200, 20226, 20256, 20393, 20458, 20476, 20713, 20740, 20762, 20797, 20909, 20920, 20942, 21045, 21064, 21106, 21285, 21383, 21421, 21434, 21647, 21702, 21995, 22083, 22110, 22133, 22236, 22265, 22476, 22840, 22933, 23118, 23604, 23756, 23900, 24040, 24117, 24197, 24318, 24566, 24653, 24879, 25563, 26639, 27603, 28345, 28770, 28836, 29068, 30331, 30581, 30620, 31055, 31271, 31336, 31753, 31866, 32180, 32349, 32446, 33038, 33254, 33898, 34298, 35501, 37073, 41910, 42024, 42101]], ['Doc2', 0, []]]"
162,considered,"[['Doc1', 3, [6662, 7800, 5580]], ['Doc2', 0, []]]"
163,similarity,"[['Doc1', 2, [1217, 11812]], ['Doc2', 0, []]]"
164,directive,"[['Doc1', 1, [21088]], ['Doc2', 0, []]]"
165,was,"[['Doc1', 17, [20474, 2994, 3079, 5681, 6141, 6164, 6966, 7017, 9462, 13149, 15212, 15262, 20916, 22205, 28820, 28859, 41834]], ['Doc2', 0, []]]"
166,sample,"[['Doc1', 3, [4684, 12049, 13406]], ['Doc2', 0, []]]"
167,harbor,"[['Doc1', 1, [18856]], ['Doc2', 0, []]]"
168,summarization,"[['Doc1', 1, [11403]], ['Doc2', 0, []]]"
169,theorem,"[['Doc1', 1, [7683]], ['Doc2', 0, []]]"
170,aggregate,"[['Doc1', 1, [36240]], ['Doc2', 0, []]]"
171,algorithm,"[['Doc1', 7, [9818, 9887, 12479, 13139, 13304, 38234, 38308]], ['Doc2', 0, []]]"
172,frequent,"[['Doc1', 1, [2930]], ['Doc2', 0, []]]"
173,important,"[['Doc1', 2, [7266, 12894]], ['Doc2', 0, []]]"
174,b,"[['Doc1', 4, [14370, 27263, 27852, 32081]], ['Doc2', 0, []]]"
175,find,"[['Doc1', 5, [5341, 13487, 11279, 12948, 18129]], ['Doc2', 0, []]]"
176,leading,"[['Doc1', 2, [9360, 18300]], ['Doc2', 0, []]]"
177,chip,"[['Doc1', 2, [31638, 37219]], ['Doc2', 0, []]]"
178,unclear,"[['Doc1', 1, [15158]], ['Doc2', 0, []]]"
179,edge,"[['Doc1', 1, [2606]], ['Doc2', 0, []]]"
180,document,"[['Doc1', 5, [1362, 9420, 11755, 12255, 40067]], ['Doc2', 0, []]]"
181,production,"[['Doc1', 1, [5169]], ['Doc2', 0, []]]"
182,orientation,"[['Doc1', 1, [8143]], ['Doc2', 0, []]]"
183,wise,"[['Doc1', 1, [13941]], ['Doc2', 0, []]]"
184,discovered,"[['Doc1', 1, [2304]], ['Doc2', 0, []]]"
185,with,"[['Doc1', 29, [3327, 3742, 4202, 5846, 6016, 8404, 16805, 1815, 2933, 6057, 7374, 7996, 8334, 8836, 10258, 11316, 16236, 22768, 23091, 23319, 24261, 28683, 40449, 40504, 40580, 40614, 40700, 40736, 40775]], ['Doc2', 0, []]]"
186,autonomously,"[['Doc1', 1, [11026]], ['Doc2', 0, []]]"
187,trade,"[['Doc1', 2, [4745, 7539]], ['Doc2', 0, []]]"
188,subsequently,"[['Doc1', 1, [13778]], ['Doc2', 0, []]]"
189,search,"[['Doc1', 12, [99, 9854, 10370, 17071, 19981, 101, 18172, 22628, 22717, 32521, 39346, 40943]], ['Doc2', 0, []]]"
190,most,"[['Doc1', 2, [6566, 11393]], ['Doc2', 0, []]]"
191,statement,"[['Doc1', 2, [20889, 42250]], ['Doc2', 0, []]]"
192,then,"[['Doc1', 7, [13446, 3703, 3943, 10178, 11913, 13568, 13930]], ['Doc2', 0, []]]"
193,integration,"[['Doc1', 5, [10092, 26945, 27033, 35845, 37196]], ['Doc2', 0, []]]"
194,edit,"[['Doc1', 2, [20453, 41813]], ['Doc2', 0, []]]"
195,stewardship,"[['Doc1', 1, [36030]], ['Doc2', 0, []]]"
196,not,"[['Doc1', 23, [6133, 6155, 6464, 10549, 12150, 19865, 2493, 11978, 12147, 12400, 12833, 12992, 13153, 13517, 13746, 17111, 17935, 19683, 20268, 20499, 21206, 21982, 40827]], ['Doc2', 0, []]]"
197,analysis,"[['Doc1', 35, [5708, 9440, 12683, 15687, 15886, 16159, 17087, 797, 2012, 2106, 3168, 3363, 3783, 4239, 4277, 7714, 7955, 16981, 22790, 23040, 25025, 25968, 26017, 26146, 26187, 26244, 26355, 26461, 34676, 35714, 36813, 37956, 38251, 38463, 38482]], ['Doc2', 0, []]]"
198,nor,"[['Doc1', 2, [10594, 4076]], ['Doc2', 0, []]]"
199,cryptography,"[['Doc1', 1, [38840]], ['Doc2', 0, []]]"
200,led,"[['Doc1', 2, [20790, 21526]], ['Doc2', 0, []]]"
201,stellar,"[['Doc1', 1, [26811]], ['Doc2', 0, []]]"
202,frequency,"[['Doc1', 1, [12231]], ['Doc2', 0, []]]"
203,system,"[['Doc1', 12, [26082, 26396, 36682, 37379, 37622, 38530, 38588, 38645, 38669, 38692, 38722, 38906]], ['Doc2', 0, []]]"
204,prediction,"[['Doc1', 4, [263, 843, 3980, 15635]], ['Doc2', 0, []]]"
205,bad,"[['Doc1', 1, [5595]], ['Doc2', 0, []]]"
206,retain,"[['Doc1', 2, [5134, 5414]], ['Doc2', 0, []]]"
207,buy,"[['Doc1', 1, [7733]], ['Doc2', 0, []]]"
208,gan,"[['Doc1', 1, [1090]], ['Doc2', 0, []]]"
209,restriction,"[['Doc1', 1, [21049]], ['Doc2', 0, []]]"
210,well,"[['Doc1', 3, [10778, 2716, 21831]], ['Doc2', 0, []]]"
211,protocol,"[['Doc1', 1, [37458]], ['Doc2', 0, []]]"
212,right,"[['Doc1', 1, [32977]], ['Doc2', 0, []]]"
213,do,"[['Doc1', 8, [4683, 6152, 10546, 4153, 11975, 13743, 13899, 20955]], ['Doc2', 0, []]]"
214,concurrent,"[['Doc1', 1, [39113]], ['Doc2', 0, []]]"
215,denial,"[['Doc1', 1, [8455]], ['Doc2', 0, []]]"
216,between,"[['Doc1', 6, [1245, 2147, 11729, 4226, 10603, 11677]], ['Doc2', 0, []]]"
217,electronic,"[['Doc1', 5, [14056, 26977, 37268, 39943, 39978]], ['Doc2', 0, []]]"
218,consumption,"[['Doc1', 1, [37238]], ['Doc2', 0, []]]"
219,you,"[['Doc1', 5, [252, 9032, 20650, 32098, 42011]], ['Doc2', 0, []]]"
220,like,"[['Doc1', 2, [8107, 5523]], ['Doc2', 0, []]]"
221,schema,"[['Doc1', 4, [2963, 36196, 36213, 36233]], ['Doc2', 0, []]]"
222,step,"[['Doc1', 4, [2021, 3884, 12696, 13945]], ['Doc2', 0, []]]"
223,produce,"[['Doc1', 2, [11918, 23480]], ['Doc2', 0, []]]"
224,simplified,"[['Doc1', 1, [9181]], ['Doc2', 0, []]]"
225,use,"[['Doc1', 14, [7355, 8078, 8301, 11416, 13451, 20676, 4654, 10811, 15364, 17732, 20204, 21850, 33425, 42037]], ['Doc2', 0, []]]"
226,people,"[['Doc1', 3, [7147, 9500, 11752]], ['Doc2', 0, []]]"
227,commons,"[['Doc1', 5, [20562, 35590, 40121, 41277, 41923]], ['Doc2', 0, []]]"
228,describe,"[['Doc1', 1, [9498]], ['Doc2', 0, []]]"
229,expanded,"[['Doc1', 2, [19657, 40408]], ['Doc2', 0, []]]"
230,mike,"[['Doc1', 1, [16362]], ['Doc2', 0, []]]"
231,high,"[['Doc1', 3, [8593, 15687, 34025]], ['Doc2', 0, []]]"
232,supermarket,"[['Doc1', 2, [10637, 10735]], ['Doc2', 0, []]]"
233,information,"[['Doc1', 54, [458, 675, 1662, 4406, 6683, 8869, 10120, 10253, 10582, 10720, 11215, 11351, 11834, 12570, 12858, 13907, 16396, 16684, 16967, 17516, 1847, 1920, 2626, 6354, 6378, 10820, 12478, 14501, 16255, 16597, 16731, 18035, 18288, 18338, 18587, 19539, 20031, 21068, 22946, 24341, 26881, 26910, 26998, 27021, 30762, 34905, 38431, 38537, 38576, 38602, 38633, 38710, 38809, 38948]], ['Doc2', 0, []]]"
234,decision,"[['Doc1', 9, [458, 2752, 4004, 8201, 8220, 25977, 26379, 36665, 38652]], ['Doc2', 0, []]]"
235,purpose,"[['Doc1', 3, [1502, 7341, 17598]], ['Doc2', 0, []]]"
236,quan,"[['Doc1', 1, [13890]], ['Doc2', 0, []]]"
237,identity,"[['Doc1', 1, [3289]], ['Doc2', 0, []]]"
238,iron,"[['Doc1', 1, [32333]], ['Doc2', 0, []]]"
239,data,"[['Doc1', 272, [359, 568, 2202, 2329, 2423, 3112, 3183, 3271, 3452, 3541, 4235, 6102, 6516, 6834, 6893, 7321, 7363, 7490, 7554, 7624, 7741, 8634, 8669, 8720, 8955, 10809, 10894, 11316, 11341, 12708, 12752, 12965, 13010, 13461, 14437, 14479, 14636, 14710, 15773, 17458, 18628, 18644, 19165, 0, 24, 1569, 1629, 1735, 1893, 1993, 2151, 2176, 2524, 2618, 2872, 3067, 3163, 3311, 3395, 3470, 3872, 4041, 4058, 4131, 4234, 4252, 4272, 4446, 4594, 4609, 4627, 4661, 4720, 4944, 5029, 5298, 5528, 5544, 5621, 5987, 6298, 6336, 6647, 6743, 6921, 7147, 7362, 7451, 7589, 7663, 7832, 7887, 7950, 8021, 8281, 8396, 8575, 8740, 8893, 9037, 9109, 9128, 9232, 9388, 9420, 9587, 9728, 9773, 9804, 9883, 10035, 10045, 10058, 10130, 10147, 10192, 10277, 10295, 10435, 10478, 10662, 10982, 11311, 11385, 11466, 11562, 11579, 11861, 12059, 12524, 12729, 12781, 12823, 12859, 12922, 13019, 13109, 13127, 13292, 13856, 14182, 14444, 14708, 14720, 14764, 14891, 14975, 15063, 15108, 15507, 15572, 15667, 15886, 15925, 15938, 15984, 16026, 16347, 16478, 16515, 16678, 16699, 16855, 16873, 16909, 17060, 17115, 17170, 17318, 17377, 17452, 17570, 17613, 17645, 17675, 17723, 17740, 17837, 17858, 17994, 18602, 18649, 19113, 19969, 19987, 20211, 20535, 20623, 21016, 21356, 22321, 22432, 22999, 23072, 23841, 23999, 24746, 24814, 24962, 25044, 25165, 25185, 25198, 25349, 25409, 25483, 25530, 25596, 25645, 25657, 25732, 25782, 26182, 26308, 26350, 26364, 26417, 26456, 26549, 26588, 26689, 26840, 26940, 26957, 27214, 27410, 27548, 27713, 27929, 28054, 28145, 28429, 28927, 29554, 29626, 29867, 30303, 30653, 30898, 30977, 31129, 31521, 32131, 32528, 32965, 33223, 33623, 33806, 34042, 34173, 34336, 34433, 34555, 34687, 35036, 35259, 35350, 35517, 35619, 35671, 36118, 36296, 36346, 36366, 36391, 36598, 36653, 36705, 36741, 36972, 38729, 40276]], ['Doc2', 0, []]]"
240,privacy,"[['Doc1', 21, [6651, 7690, 14612, 14686, 20684, 20799, 5104, 16109, 16652, 16792, 17254, 18474, 18738, 18921, 19297, 20043, 20115, 32107, 32825, 42045, 42160]], ['Doc2', 0, []]]"
241,withdrawn,"[['Doc1', 1, [15266]], ['Doc2', 0, []]]"
242,overall,"[['Doc1', 2, [1823, 4170]], ['Doc2', 0, []]]"
243,competition,"[['Doc1', 1, [11722]], ['Doc2', 0, []]]"
244,competitive,"[['Doc1', 1, [18409]], ['Doc2', 0, []]]"
245,does,"[['Doc1', 4, [6459, 12145, 21201, 21977]], ['Doc2', 0, []]]"
246,permission,"[['Doc1', 1, [20462]], ['Doc2', 0, []]]"
247,contractual,"[['Doc1', 1, [21251]], ['Doc2', 0, []]]"
248,becomes,"[['Doc1', 1, [20635]], ['Doc2', 0, []]]"
249,la,"[['Doc1', 2, [13669, 14953]], ['Doc2', 0, []]]"
250,annual,"[['Doc1', 1, [14251]], ['Doc2', 0, []]]"
251,itself,"[['Doc1', 3, [3388, 6452, 16172]], ['Doc2', 0, []]]"
252,utilization,"[['Doc1', 1, [507]], ['Doc2', 0, []]]"
253,especially,"[['Doc1', 2, [6756, 17432]], ['Doc2', 0, []]]"
254,particular,"[['Doc1', 7, [9690, 9750, 11075, 15349, 15656, 19098, 21751]], ['Doc2', 0, []]]"
255,us,"[['Doc1', 2, [19341, 21726]], ['Doc2', 0, []]]"
256,conditional,"[['Doc1', 1, [881]], ['Doc2', 0, []]]"
257,three,"[['Doc1', 1, [2035]], ['Doc2', 0, []]]"
258,allow,"[['Doc1', 3, [18050, 20853, 21210]], ['Doc2', 0, []]]"
259,illegal,"[['Doc1', 1, [31672]], ['Doc2', 0, []]]"
260,direct,"[['Doc1', 1, [7932]], ['Doc2', 0, []]]"
261,server,"[['Doc1', 7, [712, 2498, 3473, 3611, 3861, 19019, 19297]], ['Doc2', 0, []]]"
262,into,"[['Doc1', 6, [2030, 9255, 13429, 1932, 14001, 17268]], ['Doc2', 0, []]]"
263,management,"[['Doc1', 11, [3039, 11846, 2156, 8542, 14527, 24353, 35827, 35880, 37845, 38519, 40076]], ['Doc2', 0, []]]"
264,special,"[['Doc1', 1, [14126]], ['Doc2', 0, []]]"
265,star,"[['Doc1', 2, [36191, 36228]], ['Doc2', 0, []]]"
266,insight,"[['Doc1', 1, [5212]], ['Doc2', 0, []]]"
267,pattern,"[['Doc1', 5, [12675, 16700, 18962, 3594, 35128]], ['Doc2', 0, []]]"
268,positive,"[['Doc1', 1, [6062]], ['Doc2', 0, []]]"
269,back,"[['Doc1', 1, [8768]], ['Doc2', 0, []]]"
270,from,"[['Doc1', 47, [34, 403, 573, 687, 3174, 7568, 8026, 8960, 9291, 9745, 10146, 11177, 11346, 15917, 16190, 17267, 17986, 19288, 19325, 19496, 19582, 19628, 19666, 19776, 36, 1886, 2093, 2465, 5905, 7584, 8426, 12104, 12434, 12724, 13343, 13585, 16933, 27598, 28217, 31748, 32917, 33636, 33762, 40186, 40417, 40551, 40640]], ['Doc2', 0, []]]"
271,access,"[['Doc1', 7, [3586, 5781, 18380, 17348, 17803, 21620, 22557]], ['Doc2', 0, []]]"
272,greater,"[['Doc1', 1, [19697]], ['Doc2', 0, []]]"
273,relevant,"[['Doc1', 1, [5856]], ['Doc2', 0, []]]"
274,instant,"[['Doc1', 1, [32017]], ['Doc2', 0, []]]"
275,confirmation,"[['Doc1', 1, [12970]], ['Doc2', 0, []]]"
276,specific,"[['Doc1', 6, [5473, 5646, 7332, 7826, 17410, 20155]], ['Doc2', 0, []]]"
277,dimension,"[['Doc1', 3, [36150, 36477, 36487]], ['Doc2', 0, []]]"
278,exposed,"[['Doc1', 1, [19132]], ['Doc2', 0, []]]"
279,discover,"[['Doc1', 5, [385, 1008, 3138, 11095, 17977]], ['Doc2', 0, []]]"
280,effectively,"[['Doc1', 1, [18884]], ['Doc2', 0, []]]"
281,pure,"[['Doc1', 1, [20530]], ['Doc2', 0, []]]"
282,preparation,"[['Doc1', 4, [16884, 9133, 16704, 17155]], ['Doc2', 0, []]]"
283,them,"[['Doc1', 6, [3737, 3841, 3985, 7044, 8021, 13996]], ['Doc2', 0, []]]"
284,confidentiality,"[['Doc1', 1, [16772]], ['Doc2', 0, []]]"
285,however,"[['Doc1', 1, [8850]], ['Doc2', 0, []]]"
286,finding,"[['Doc1', 4, [2875, 2897, 2922, 19112]], ['Doc2', 0, []]]"
287,privilege,"[['Doc1', 1, [8478]], ['Doc2', 0, []]]"
288,wayback,"[['Doc1', 6, [28349, 30585, 31059, 32184, 33042, 40380]], ['Doc2', 0, []]]"
289,include,"[['Doc1', 4, [6282, 6328, 7668, 12599]], ['Doc2', 0, []]]"
290,potentially,"[['Doc1', 1, [18008]], ['Doc2', 0, []]]"
291,natural,"[['Doc1', 3, [22867, 23718, 39229]], ['Doc2', 0, []]]"
292,often,"[['Doc1', 3, [3120, 12085, 16219]], ['Doc2', 0, []]]"
293,transformation,"[['Doc1', 2, [8878, 26962]], ['Doc2', 0, []]]"
294,massive,"[['Doc1', 1, [23025]], ['Doc2', 0, []]]"
295,press,"[['Doc1', 3, [16442, 6699, 29438]], ['Doc2', 0, []]]"
296,save,"[['Doc1', 1, [5161]], ['Doc2', 0, []]]"
297,such,"[['Doc1', 24, [1205, 5666, 6044, 8308, 8388, 8409, 10296, 10435, 10743, 3452, 3659, 8130, 8698, 8989, 9200, 13699, 14801, 16576, 19392, 20063, 20180, 21468, 21864, 24438]], ['Doc2', 0, []]]"
298,generally,"[['Doc1', 2, [10553, 6047]], ['Doc2', 0, []]]"
299,identification,"[['Doc1', 3, [10409, 17016, 18056]], ['Doc2', 0, []]]"
300,fact,"[['Doc1', 4, [36181, 36433, 36438, 36464]], ['Doc2', 0, []]]"
301,anonymity,"[['Doc1', 1, [19974]], ['Doc2', 0, []]]"
302,storage,"[['Doc1', 2, [36042, 38549]], ['Doc2', 0, []]]"
303,cluster,"[['Doc1', 3, [8155, 22782, 25960]], ['Doc2', 0, []]]"
304,semantic,"[['Doc1', 3, [4397, 5699, 6298]], ['Doc2', 0, []]]"
305,capitalism,"[['Doc1', 1, [27149]], ['Doc2', 0, []]]"
306,anomaly,"[['Doc1', 3, [186, 920, 10348]], ['Doc2', 0, []]]"
307,commercial,"[['Doc1', 2, [3624, 16504]], ['Doc2', 0, []]]"
308,reverse,"[['Doc1', 1, [36220]], ['Doc2', 0, []]]"
309,ensemble,"[['Doc1', 1, [25992]], ['Doc2', 0, []]]"
310,found,"[['Doc1', 3, [11552, 12850, 16045]], ['Doc2', 0, []]]"
311,appear,"[['Doc1', 1, [11939]], ['Doc2', 0, []]]"
312,set,"[['Doc1', 10, [1898, 4725, 9778, 9888, 10171, 12978, 13102, 13399, 13486, 18165]], ['Doc2', 0, []]]"
313,later,"[['Doc1', 1, [7216]], ['Doc2', 0, []]]"
314,extraction,"[['Doc1', 7, [10077, 12427, 17052, 2428, 2501, 7561, 27010]], ['Doc2', 0, []]]"
315,browser,"[['Doc1', 2, [692, 2510]], ['Doc2', 0, []]]"
316,track,"[['Doc1', 1, [3794]], ['Doc2', 0, []]]"
317,default,"[['Doc1', 1, [5366]], ['Doc2', 0, []]]"
318,could,"[['Doc1', 1, [8439]], ['Doc2', 0, []]]"
319,aware,"[['Doc1', 1, [17540]], ['Doc2', 0, []]]"
320,recognition,"[['Doc1', 2, [26624, 27058]], ['Doc2', 0, []]]"
321,growing,"[['Doc1', 1, [7456]], ['Doc2', 0, []]]"
322,video,"[['Doc1', 2, [24462, 39996]], ['Doc2', 0, []]]"
323,parse,"[['Doc1', 2, [13735, 15013]], ['Doc2', 0, []]]"
324,list,"[['Doc1', 3, [15115, 1490, 27836]], ['Doc2', 0, []]]"
325,small,"[['Doc1', 2, [19722, 4754]], ['Doc2', 0, []]]"
326,board,"[['Doc1', 1, [37143]], ['Doc2', 0, []]]"
327,graphical,"[['Doc1', 1, [854]], ['Doc2', 0, []]]"
328,external,"[['Doc1', 4, [1927, 15357, 5438, 35559]], ['Doc2', 0, []]]"
329,similarly,"[['Doc1', 1, [5695]], ['Doc2', 0, []]]"
330,increasing,"[['Doc1', 2, [7655, 7764]], ['Doc2', 0, []]]"
331,contents,"[['Doc1', 5, [1720, 7900, 15808, 4962, 34468]], ['Doc2', 0, []]]"
332,learning,"[['Doc1', 48, [2678, 2787, 116, 243, 302, 318, 343, 365, 374, 1007, 1147, 1241, 1291, 1304, 1325, 1556, 2903, 2975, 3267, 3820, 4471, 6609, 8637, 10543, 12245, 14569, 22396, 23573, 23865, 24096, 24176, 24291, 24524, 24883, 25470, 25918, 26001, 26062, 26110, 28460, 28736, 29350, 35381, 39462, 39482, 39504, 39527, 39547]], ['Doc2', 0, []]]"
333,compiler,"[['Doc1', 1, [37716]], ['Doc2', 0, []]]"
334,last,"[['Doc1', 2, [20478, 41838]], ['Doc2', 0, []]]"
335,fully,"[['Doc1', 1, [19126]], ['Doc2', 0, []]]"
336,field,"[['Doc1', 4, [19576, 900, 8103, 14069]], ['Doc2', 0, []]]"
337,economist,"[['Doc1', 1, [5721]], ['Doc2', 0, []]]"
338,sig,"[['Doc1', 1, [14233]], ['Doc2', 0, []]]"
339,economics,"[['Doc1', 1, [29082]], ['Doc2', 0, []]]"
340,actual,"[['Doc1', 3, [3215, 3304, 8630]], ['Doc2', 0, []]]"
341,invasion,"[['Doc1', 1, [6630]], ['Doc2', 0, []]]"
342,induction,"[['Doc1', 1, [399]], ['Doc2', 0, []]]"
343,load,"[['Doc1', 1, [36585]], ['Doc2', 0, []]]"
344,roughly,"[['Doc1', 1, [37057]], ['Doc2', 0, []]]"
345,dashboard,"[['Doc1', 1, [36643]], ['Doc2', 0, []]]"
346,new,"[['Doc1', 10, [3898, 4902, 11147, 12045, 29224, 30433, 31147, 31185, 32989, 34874]], ['Doc2', 0, []]]"
347,library,"[['Doc1', 5, [24105, 24185, 35867, 37865, 38749]], ['Doc2', 0, []]]"
348,user,"[['Doc1', 9, [3490, 4467, 5763, 5841, 16559, 17475, 18827, 18846, 19253]], ['Doc2', 0, []]]"
349,heterogeneity,"[['Doc1', 1, [10173]], ['Doc2', 0, []]]"
350,graphics,"[['Doc1', 2, [39573, 39621]], ['Doc2', 0, []]]"
351,active,"[['Doc1', 1, [15216]], ['Doc2', 0, []]]"
352,nature,"[['Doc1', 1, [6533]], ['Doc2', 0, []]]"
353,precise,"[['Doc1', 1, [15268]], ['Doc2', 0, []]]"
354,adaptation,"[['Doc1', 1, [3024]], ['Doc2', 0, []]]"
355,hypotheses,"[['Doc1', 3, [4313, 4906, 12132]], ['Doc2', 0, []]]"
356,early,"[['Doc1', 1, [7622]], ['Doc2', 0, []]]"
357,content,"[['Doc1', 19, [758, 906, 1814, 1837, 2081, 2252, 5865, 10022, 10047, 11144, 12917, 13050, 13070, 13117, 20859, 21135, 21801, 21932, 24430]], ['Doc2', 0, []]]"
358,lecture,"[['Doc1', 2, [16076, 16315]], ['Doc2', 0, []]]"
359,bibliographic,"[['Doc1', 2, [1956, 16448]], ['Doc2', 0, []]]"
360,kind,"[['Doc1', 2, [3438, 3721]], ['Doc2', 0, []]]"
361,scaling,"[['Doc1', 1, [34055]], ['Doc2', 0, []]]"
362,vector,"[['Doc1', 6, [12038, 12111, 617, 646, 8256, 26204]], ['Doc2', 0, []]]"
363,meet,"[['Doc1', 3, [142, 13750, 13902]], ['Doc2', 0, []]]"
364,contact,"[['Doc1', 2, [20842, 42203]], ['Doc2', 0, []]]"
365,among,"[['Doc1', 1, [11379]], ['Doc2', 0, []]]"
366,pac,"[['Doc1', 1, [1300]], ['Doc2', 0, []]]"
367,by,"[['Doc1', 55, [479, 1687, 3514, 4924, 5013, 5186, 5278, 5434, 6449, 7033, 7049, 8586, 8627, 8897, 8916, 9045, 9836, 9906, 9966, 12290, 15248, 20630, 3999, 5718, 6180, 7032, 7130, 8044, 8553, 9385, 11576, 11616, 11787, 12774, 12856, 15500, 15564, 18222, 18942, 19334, 20223, 20283, 20435, 20710, 21248, 24491, 25074, 25219, 25370, 25560, 25626, 25687, 25812, 29726, 41991]], ['Doc2', 0, []]]"
368,their,"[['Doc1', 9, [3332, 6790, 7052, 7206, 7573, 6224, 17749, 19504, 37002]], ['Doc2', 0, []]]"
369,defined,"[['Doc1', 4, [3925, 4035, 7101, 8828]], ['Doc2', 0, []]]"
370,aside,"[['Doc1', 1, [2087]], ['Doc2', 0, []]]"
371,in,"[['Doc1', 144, [1674, 1852, 2914, 3188, 3846, 3933, 4136, 4266, 4442, 4735, 5598, 5643, 5954, 7942, 7969, 8452, 9307, 9623, 9651, 11486, 11558, 11806, 12186, 12962, 13132, 13312, 14430, 14472, 14633, 14707, 15539, 15858, 16090, 16329, 16579, 16741, 18007, 18166, 18608, 19016, 19150, 19876, 19914, 1620, 2054, 3772, 3809, 3920, 4433, 4545, 4890, 5146, 5170, 5221, 5245, 5469, 5690, 5746, 5770, 5804, 6020, 6102, 6491, 6591, 6679, 6805, 6870, 6978, 7087, 7359, 7660, 7908, 8065, 8096, 8387, 8602, 8789, 8955, 9289, 9447, 9687, 9859, 10975, 10996, 11061, 11759, 11823, 12234, 12521, 12810, 12962, 13004, 14062, 14629, 15223, 15346, 15368, 16267, 16338, 16375, 16463, 16584, 16630, 16955, 18455, 18554, 18628, 18697, 19095, 19248, 19275, 19630, 19750, 19984, 20253, 20333, 20540, 20842, 20939, 21004, 21368, 21672, 21699, 21748, 21816, 22217, 22837, 23115, 23370, 23431, 23601, 23897, 24563, 26636, 27964, 28939, 29239, 30602, 30895, 33274, 33391, 40838, 40876, 41249]], ['Doc2', 0, []]]"
372,process,"[['Doc1', 16, [5820, 8431, 1588, 2068, 4182, 4998, 8300, 8808, 9025, 9192, 9599, 12337, 15051, 30315, 37935, 38676]], ['Doc2', 0, []]]"
373,large,"[['Doc1', 8, [1623, 2470, 3375, 4550, 8390, 9900, 14885, 37184]], ['Doc2', 0, []]]"
374,structure,"[['Doc1', 28, [805, 943, 982, 1026, 1128, 1278, 1345, 1392, 1435, 1583, 1791, 2104, 2271, 2394, 2488, 8979, 9078, 9148, 9223, 9466, 9534, 9785, 10203, 11719, 11919, 1954, 11125, 22693]], ['Doc2', 0, []]]"
375,over,"[['Doc1', 1, [6167]], ['Doc2', 0, []]]"
376,produced,"[['Doc1', 2, [11567, 12765]], ['Doc2', 0, []]]"
377,sufficient,"[['Doc1', 1, [12407]], ['Doc2', 0, []]]"
378,degrade,"[['Doc1', 1, [6159]], ['Doc2', 0, []]]"
379,portability,"[['Doc1', 1, [19421]], ['Doc2', 0, []]]"
380,reference,"[['Doc1', 2, [1702, 3572]], ['Doc2', 0, []]]"
381,rank,"[['Doc1', 3, [9849, 9940, 386]], ['Doc2', 0, []]]"
382,statistician,"[['Doc1', 1, [11619]], ['Doc2', 0, []]]"
383,ralph,"[['Doc1', 1, [36922]], ['Doc2', 0, []]]"
384,art,"[['Doc1', 1, [39939]], ['Doc2', 0, []]]"
385,reducing,"[['Doc1', 1, [5497]], ['Doc2', 0, []]]"
386,done,"[['Doc1', 1, [11294]], ['Doc2', 0, []]]"
387,ratio,"[['Doc1', 1, [12632]], ['Doc2', 0, []]]"
388,distinguish,"[['Doc1', 1, [13324]], ['Doc2', 0, []]]"
389,generating,"[['Doc1', 1, [3995]], ['Doc2', 0, []]]"
390,origin,"[['Doc1', 1, [3301]], ['Doc2', 0, []]]"
391,grammar,"[['Doc1', 1, [391]], ['Doc2', 0, []]]"
392,interpretation,"[['Doc1', 1, [4087]], ['Doc2', 0, []]]"
393,will,"[['Doc1', 9, [1145, 1600, 5402, 6839, 6898, 7957, 17680, 17698, 19118]], ['Doc2', 0, []]]"
394,since,"[['Doc1', 4, [6092, 6155, 14212, 14322]], ['Doc2', 0, []]]"
395,organize,"[['Doc1', 1, [11108]], ['Doc2', 0, []]]"
396,condition,"[['Doc1', 1, [12368]], ['Doc2', 0, []]]"
397,multidimensional,"[['Doc1', 1, [36770]], ['Doc2', 0, []]]"
398,same,"[['Doc1', 2, [6535, 12287]], ['Doc2', 0, []]]"
399,due,"[['Doc1', 1, [21038]], ['Doc2', 0, []]]"
400,across,"[['Doc1', 1, [23443]], ['Doc2', 0, []]]"
401,regarding,"[['Doc1', 3, [6073, 16418, 19529]], ['Doc2', 0, []]]"
402,body,"[['Doc1', 1, [14057]], ['Doc2', 0, []]]"
403,providing,"[['Doc1', 3, [1690, 5437, 11419]], ['Doc2', 0, []]]"
404,south,"[['Doc1', 1, [21891]], ['Doc2', 0, []]]"
405,way,"[['Doc1', 6, [6294, 5714, 8571, 11004, 16822, 16960]], ['Doc2', 0, []]]"
406,serve,"[['Doc1', 1, [3222]], ['Doc2', 0, []]]"
407,multilinear,"[['Doc1', 1, [26089]], ['Doc2', 0, []]]"
408,risk,"[['Doc1', 2, [5510, 1267]], ['Doc2', 0, []]]"
409,its,"[['Doc1', 6, [15139, 7186, 14297, 19568, 20824, 21762]], ['Doc2', 0, []]]"
410,scraping,"[['Doc1', 3, [13580, 27164, 36002]], ['Doc2', 0, []]]"
411,obliged,"[['Doc1', 1, [7750]], ['Doc2', 0, []]]"
412,six,"[['Doc1', 2, [9074, 10316]], ['Doc2', 0, []]]"
413,space,"[['Doc1', 1, [12045]], ['Doc2', 0, []]]"
414,creative,"[['Doc1', 2, [20553, 41914]], ['Doc2', 0, []]]"
415,classes,"[['Doc1', 1, [10327]], ['Doc2', 0, []]]"
416,being,"[['Doc1', 6, [7629, 7698, 8677, 21916, 22030, 22306]], ['Doc2', 0, []]]"
417,extracted,"[['Doc1', 1, [15327]], ['Doc2', 0, []]]"
418,algorithmic,"[['Doc1', 1, [38274]], ['Doc2', 0, []]]"
419,categorization,"[['Doc1', 2, [2849, 2980]], ['Doc2', 0, []]]"
420,construct,"[['Doc1', 1, [12495]], ['Doc2', 0, []]]"
421,main,"[['Doc1', 5, [2418, 19999, 15860, 26523, 40961]], ['Doc2', 0, []]]"
422,at,"[['Doc1', 14, [1054, 3356, 20509, 1657, 12310, 12389, 28342, 30578, 31052, 32177, 33035, 35661, 35696, 41870]], ['Doc2', 0, []]]"
423,your,"[['Doc1', 1, [15615]], ['Doc2', 0, []]]"
424,good,"[['Doc1', 1, [1482]], ['Doc2', 0, []]]"
425,educational,"[['Doc1', 3, [20092, 26677, 40044]], ['Doc2', 0, []]]"
426,country,"[['Doc1', 1, [20931]], ['Doc2', 0, []]]"
427,accuracy,"[['Doc1', 1, [13539]], ['Doc2', 0, []]]"
428,paradigm,"[['Doc1', 1, [37686]], ['Doc2', 0, []]]"
429,united,"[['Doc1', 7, [5177, 5252, 11766, 19255, 19282, 21706, 26643]], ['Doc2', 0, []]]"
430,group,"[['Doc1', 4, [7170, 14318, 14143, 15519]], ['Doc2', 0, []]]"
431,filling,"[['Doc1', 1, [36530]], ['Doc2', 0, []]]"
432,useful,"[['Doc1', 3, [10107, 13492, 13513]], ['Doc2', 0, []]]"
433,building,"[['Doc1', 1, [13029]], ['Doc2', 0, []]]"
434,virtual,"[['Doc1', 2, [37596, 39660]], ['Doc2', 0, []]]"
435,statistics,"[['Doc1', 6, [11456, 20871, 1804, 8439, 38398, 42232]], ['Doc2', 0, []]]"
436,been,"[['Doc1', 8, [200, 7981, 13521, 14929, 15797, 19040, 19319, 28169]], ['Doc2', 0, []]]"
437,unintentionally,"[['Doc1', 1, [11877]], ['Doc2', 0, []]]"
438,cleansing,"[['Doc1', 1, [35735]], ['Doc2', 0, []]]"
439,trained,"[['Doc1', 1, [13377]], ['Doc2', 0, []]]"
440,an,"[['Doc1', 28, [3936, 6706, 8491, 8776, 12505, 12891, 16393, 1750, 1820, 5634, 5749, 7379, 9989, 11170, 11214, 11548, 14248, 15468, 17238, 19195, 19619, 20991, 24073, 24156, 24775, 25443, 29592, 33750]], ['Doc2', 0, []]]"
441,remain,"[['Doc1', 1, [15151]], ['Doc2', 0, []]]"
442,discrete,"[['Doc1', 1, [38365]], ['Doc2', 0, []]]"
443,construction,"[['Doc1', 2, [3011, 37990]], ['Doc2', 0, []]]"
444,task,"[['Doc1', 4, [3323, 10933, 11098, 15679]], ['Doc2', 0, []]]"
445,social,"[['Doc1', 4, [27116, 38595, 39035, 39865]], ['Doc2', 0, []]]"
446,exploring,"[['Doc1', 2, [15786, 34446]], ['Doc2', 0, []]]"
447,project,"[['Doc1', 3, [22175, 22282, 22760]], ['Doc2', 0, []]]"
448,linear,"[['Doc1', 1, [519]], ['Doc2', 0, []]]"
449,manipulation,"[['Doc1', 2, [7862, 39608]], ['Doc2', 0, []]]"
450,mine,"[['Doc1', 1, [17714]], ['Doc2', 0, []]]"
451,works,"[['Doc1', 3, [11288, 11632, 20420]], ['Doc2', 0, []]]"
452,fusion,"[['Doc1', 1, [35838]], ['Doc2', 0, []]]"
453,always,"[['Doc1', 1, [11893]], ['Doc2', 0, []]]"
454,drift,"[['Doc1', 1, [23104]], ['Doc2', 0, []]]"
455,even,"[['Doc1', 2, [5336, 17975]], ['Doc2', 0, []]]"
456,wherever,"[['Doc1', 1, [15958]], ['Doc2', 0, []]]"
457,sense,"[['Doc1', 1, [31883]], ['Doc2', 0, []]]"
458,insurance,"[['Doc1', 1, [19411]], ['Doc2', 0, []]]"
459,concerning,"[['Doc1', 1, [6695]], ['Doc2', 0, []]]"
460,pharmaceutical,"[['Doc1', 1, [18657]], ['Doc2', 0, []]]"
461,behalf,"[['Doc1', 1, [11063]], ['Doc2', 0, []]]"
462,different,"[['Doc1', 7, [770, 1253, 2041, 7380, 9389, 11186, 12313]], ['Doc2', 0, []]]"
463,ability,"[['Doc1', 1, [3783]], ['Doc2', 0, []]]"
464,critical,"[['Doc1', 1, [5705]], ['Doc2', 0, []]]"
465,selection,"[['Doc1', 1, [8853]], ['Doc2', 0, []]]"
466,threat,"[['Doc1', 2, [8825, 17228]], ['Doc2', 0, []]]"
467,driven,"[['Doc1', 1, [26410]], ['Doc2', 0, []]]"
468,theory,"[['Doc1', 9, [9106, 1198, 1250, 1337, 38079, 38147, 38168, 38200, 38443]], ['Doc2', 0, []]]"
469,survey,"[['Doc1', 1, [30269]], ['Doc2', 0, []]]"
470,computation,"[['Doc1', 2, [38089, 38110]], ['Doc2', 0, []]]"
471,currently,"[['Doc1', 1, [18874]], ['Doc2', 0, []]]"
472,automatic,"[['Doc1', 2, [3353, 26601]], ['Doc2', 0, []]]"
473,intrusion,"[['Doc1', 1, [38886]], ['Doc2', 0, []]]"
474,surrounding,"[['Doc1', 1, [17791]], ['Doc2', 0, []]]"
475,economic,"[['Doc1', 1, [5787]], ['Doc2', 0, []]]"
476,solid,"[['Doc1', 1, [39694]], ['Doc2', 0, []]]"
477,please,"[['Doc1', 3, [216, 15212, 12570]], ['Doc2', 0, []]]"
478,template,"[['Doc1', 4, [308, 15339, 37048, 40371]], ['Doc2', 0, []]]"
479,agree,"[['Doc1', 2, [20654, 42015]], ['Doc2', 0, []]]"
480,platform,"[['Doc1', 2, [25250, 38767]], ['Doc2', 0, []]]"
481,outline,"[['Doc1', 2, [1537, 40101]], ['Doc2', 0, []]]"
482,big,"[['Doc1', 2, [23068, 26304]], ['Doc2', 0, []]]"
483,raise,"[['Doc1', 1, [16402]], ['Doc2', 0, []]]"
484,operational,"[['Doc1', 1, [36334]], ['Doc2', 0, []]]"
485,cover,"[['Doc1', 1, [15752]], ['Doc2', 0, []]]"
486,national,"[['Doc1', 3, [16529, 19147, 26701]], ['Doc2', 0, []]]"
487,family,"[['Doc1', 1, [20085]], ['Doc2', 0, []]]"
488,support,"[['Doc1', 9, [638, 2761, 4013, 8248, 24271, 26196, 26388, 36674, 38661]], ['Doc2', 0, []]]"
489,according,"[['Doc1', 2, [9173, 19606]], ['Doc2', 0, []]]"
490,weka,"[['Doc1', 1, [35469]], ['Doc2', 0, []]]"
491,which,"[['Doc1', 18, [4555, 4710, 5724, 7727, 11434, 3933, 9060, 10761, 11969, 12982, 13117, 13504, 15459, 16341, 16716, 16755, 20974, 28229]], ['Doc2', 0, []]]"
492,random,"[['Doc1', 2, [500, 893]], ['Doc2', 0, []]]"
493,where,"[['Doc1', 1, [20510]], ['Doc2', 0, []]]"
494,structured,"[['Doc1', 6, [2347, 15718, 252, 832, 26171, 33123]], ['Doc2', 0, []]]"
495,logged,"[['Doc1', 2, [19869, 40831]], ['Doc2', 0, []]]"
496,previously,"[['Doc1', 1, [3411]], ['Doc2', 0, []]]"
497,winning,"[['Doc1', 1, [11699]], ['Doc2', 0, []]]"
498,other,"[['Doc1', 7, [13455, 6311, 8047, 9414, 21839, 27173, 41252]], ['Doc2', 0, []]]"
499,interest,"[['Doc1', 1, [14134]], ['Doc2', 0, []]]"
500,encyclopedia,"[['Doc1', 2, [59, 61]], ['Doc2', 0, []]]"
501,otherwise,"[['Doc1', 1, [17078]], ['Doc2', 0, []]]"
502,agency,"[['Doc1', 1, [26719]], ['Doc2', 0, []]]"
503,springer,"[['Doc1', 2, [16067, 16306]], ['Doc2', 0, []]]"
504,long,"[['Doc1', 1, [28261]], ['Doc2', 0, []]]"
505,cause,"[['Doc1', 3, [6546, 17308, 18383]], ['Doc2', 0, []]]"
506,somewhat,"[['Doc1', 1, [28252]], ['Doc2', 0, []]]"
507,on,"[['Doc1', 68, [936, 1089, 3431, 3727, 3978, 5166, 5302, 6513, 7154, 7203, 8511, 10273, 10909, 11060, 11449, 11870, 13768, 15046, 15435, 15936, 15959, 16209, 16232, 16718, 16797, 17102, 17158, 17659, 17794, 17957, 18205, 20490, 4324, 6528, 6918, 8974, 10667, 12040, 12651, 13114, 13385, 13501, 14155, 14441, 14498, 14558, 14681, 14756, 14877, 15152, 18160, 20737, 21344, 21431, 22130, 23225, 27616, 30650, 31102, 31354, 31569, 31709, 31766, 32626, 33842, 37216, 40680, 41850]], ['Doc2', 0, []]]"
508,aggregation,"[['Doc1', 3, [16878, 19992, 32145]], ['Doc2', 0, []]]"
509,corpus,"[['Doc1', 1, [11574]], ['Doc2', 0, []]]"
510,enable,"[['Doc1', 2, [3684, 25158]], ['Doc2', 0, []]]"
511,comes,"[['Doc1', 1, [17262]], ['Doc2', 0, []]]"
512,similar,"[['Doc1', 1, [12729]], ['Doc2', 0, []]]"
513,commonly,"[['Doc1', 1, [8819]], ['Doc2', 0, []]]"
514,architecture,"[['Doc1', 2, [37357, 37437]], ['Doc2', 0, []]]"
515,is,"[['Doc1', 90, [337, 455, 822, 3090, 3776, 5805, 6317, 6623, 6659, 6720, 7284, 8000, 8349, 8674, 9331, 9828, 9897, 9955, 10062, 11159, 11440, 12057, 12275, 12403, 12456, 12489, 12888, 12954, 13208, 20530, 20711, 1581, 1747, 2005, 2389, 2421, 2548, 2569, 3328, 4116, 4264, 4286, 7487, 8293, 8580, 8816, 9353, 10040, 10089, 10175, 10861, 10926, 11091, 11833, 12254, 12467, 12734, 12908, 13034, 13242, 13794, 13950, 14075, 15411, 15465, 15950, 15973, 16216, 16844, 17108, 17499, 19862, 20265, 20496, 20527, 20572, 21903, 21947, 21971, 22017, 22591, 24029, 24070, 24378, 24992, 26852, 28235, 40677, 41891, 42072]], ['Doc2', 0, []]]"
516,structural,"[['Doc1', 4, [837, 9202, 9336, 10571]], ['Doc2', 0, []]]"
517,should,"[['Doc1', 1, [28157]], ['Doc2', 0, []]]"
518,require,"[['Doc1', 3, [123, 4073, 10495]], ['Doc2', 0, []]]"
519,agreement,"[['Doc1', 1, [19198]], ['Doc2', 0, []]]"
520,input,"[['Doc1', 1, [3744]], ['Doc2', 0, []]]"
521,usual,"[['Doc1', 1, [12780]], ['Doc2', 0, []]]"
522,genetic,"[['Doc1', 3, [8173, 23230, 26026]], ['Doc2', 0, []]]"
523,miner,"[['Doc1', 1, [22703]], ['Doc2', 0, []]]"
524,acceptance,"[['Doc1', 1, [7382]], ['Doc2', 0, []]]"
525,phases,"[['Doc1', 1, [12323]], ['Doc2', 0, []]]"
526,generalization,"[['Doc1', 2, [13707, 14985]], ['Doc2', 0, []]]"
527,typical,"[['Doc1', 1, [3533]], ['Doc2', 0, []]]"
528,promise,"[['Doc1', 1, [31497]], ['Doc2', 0, []]]"
529,engineering,"[['Doc1', 6, [13927, 282, 22908, 25277, 30345, 39894]], ['Doc2', 0, []]]"
530,workshop,"[['Doc1', 5, [15927, 16200, 18196, 6519, 31345]], ['Doc2', 0, []]]"
531,inner,"[['Doc1', 1, [13434]], ['Doc2', 0, []]]"
532,make,"[['Doc1', 5, [1514, 7758, 8272, 17011, 31878]], ['Doc2', 0, []]]"
533,constitute,"[['Doc1', 1, [12090]], ['Doc2', 0, []]]"
534,capture,"[['Doc1', 2, [13760, 15038]], ['Doc2', 0, []]]"
535,precision,"[['Doc1', 1, [12833]], ['Doc2', 0, []]]"
536,he,"[['Doc1', 1, [7222]], ['Doc2', 0, []]]"
537,navigation,"[['Doc1', 8, [80, 1491, 19258, 19834, 19988, 82, 40796, 40950]], ['Doc2', 0, []]]"
538,tech,"[['Doc1', 1, [32450]], ['Doc2', 0, []]]"
539,retention,"[['Doc1', 1, [35976]], ['Doc2', 0, []]]"
540,needs,"[['Doc1', 5, [3232, 5034, 5088, 9015, 13354]], ['Doc2', 0, []]]"
541,spatial,"[['Doc1', 1, [3667]], ['Doc2', 0, []]]"
542,concept,"[['Doc1', 2, [23096, 33641]], ['Doc2', 0, []]]"
543,prescription,"[['Doc1', 1, [18574]], ['Doc2', 0, []]]"
544,address,"[['Doc1', 1, [5988]], ['Doc2', 0, []]]"
545,there,"[['Doc1', 9, [6181, 6947, 7994, 8343, 11991, 14918, 15967, 19030, 20566]], ['Doc2', 0, []]]"
546,harm,"[['Doc1', 1, [18421]], ['Doc2', 0, []]]"
547,agent,"[['Doc1', 1, [25855]], ['Doc2', 0, []]]"
548,hardware,"[['Doc1', 2, [37297, 38913]], ['Doc2', 0, []]]"
549,analyze,"[['Doc1', 2, [9116, 10105]], ['Doc2', 0, []]]"
550,artificial,"[['Doc1', 13, [16093, 16332, 16810, 17161, 549, 964, 1413, 1449, 2787, 3231, 8454, 39394, 39430]], ['Doc2', 0, []]]"
551,inverse,"[['Doc1', 1, [12247]], ['Doc2', 0, []]]"
552,accountability,"[['Doc1', 1, [19437]], ['Doc2', 0, []]]"
553,recommendation,"[['Doc1', 1, [20744]], ['Doc2', 0, []]]"
554,particularly,"[['Doc1', 1, [5585]], ['Doc2', 0, []]]"
555,amount,"[['Doc1', 2, [7614, 4417]], ['Doc2', 0, []]]"
556,definition,"[['Doc1', 1, [27396]], ['Doc2', 0, []]]"
557,own,"[['Doc1', 1, [7212]], ['Doc2', 0, []]]"
558,specifically,"[['Doc1', 2, [40454, 40509]], ['Doc2', 0, []]]"
559,birch,"[['Doc1', 1, [678]], ['Doc2', 0, []]]"
560,transform,"[['Doc1', 4, [11948, 13416, 1906, 36575]], ['Doc2', 0, []]]"
561,consumer,"[['Doc1', 1, [32651]], ['Doc2', 0, []]]"
562,clandestine,"[['Doc1', 1, [4514]], ['Doc2', 0, []]]"
563,van,"[['Doc1', 1, [14379]], ['Doc2', 0, []]]"
564,markup,"[['Doc1', 2, [15435, 31368]], ['Doc2', 0, []]]"
565,subject,"[['Doc1', 1, [20643]], ['Doc2', 0, []]]"
566,are,"[['Doc1', 29, [3500, 4188, 4780, 5630, 6129, 6187, 6953, 7746, 7796, 7868, 11997, 12638, 12720, 12804, 13282, 3278, 4734, 6779, 10776, 10992, 12882, 12988, 13187, 14739, 17575, 18764, 20696, 22503, 24680]], ['Doc2', 0, []]]"
567,see,"[['Doc1', 7, [1889, 13530, 5393, 15898, 22353, 25832, 26561]], ['Doc2', 0, []]]"
568,further,"[['Doc1', 8, [3413, 1968, 3775, 5419, 10503, 12625, 18780, 33500]], ['Doc2', 0, []]]"
569,public,"[['Doc1', 1, [22550]], ['Doc2', 0, []]]"
570,complicated,"[['Doc1', 1, [13216]], ['Doc2', 0, []]]"
571,summary,"[['Doc1', 3, [848, 3729, 33374]], ['Doc2', 0, []]]"
572,highest,"[['Doc1', 1, [7332]], ['Doc2', 0, []]]"
573,needing,"[['Doc1', 3, [19480, 19520, 19612]], ['Doc2', 0, []]]"
574,ethical,"[['Doc1', 5, [6582, 8598, 14457, 16191, 31534]], ['Doc2', 0, []]]"
575,premise,"[['Doc1', 1, [18224]], ['Doc2', 0, []]]"
576,normal,"[['Doc1', 1, [36407]], ['Doc2', 0, []]]"
577,key,"[['Doc1', 3, [3764, 15398, 36429]], ['Doc2', 0, []]]"
578,research,"[['Doc1', 11, [11279, 1528, 5066, 6853, 7401, 7502, 19757, 22751, 32208, 33310, 40035]], ['Doc2', 0, []]]"
579,so,"[['Doc1', 6, [6939, 8698, 17884, 17911, 20620, 20958]], ['Doc2', 0, []]]"
580,personalization,"[['Doc1', 3, [16522, 17772, 17935]], ['Doc2', 0, []]]"
581,cure,"[['Doc1', 1, [684]], ['Doc2', 0, []]]"
582,change,"[['Doc1', 2, [13826, 33267]], ['Doc2', 0, []]]"
583,comfort,"[['Doc1', 1, [10519]], ['Doc2', 0, []]]"
584,validation,"[['Doc1', 2, [5053, 36050]], ['Doc2', 0, []]]"
585,journal,"[['Doc1', 9, [16942, 17505, 7122, 7443, 7511, 14370, 27203, 28717, 30742]], ['Doc2', 0, []]]"
586,integrity,"[['Doc1', 2, [13015, 35857]], ['Doc2', 0, []]]"
587,outlier,"[['Doc1', 2, [949, 22803]], ['Doc2', 0, []]]"
588,necessary,"[['Doc1', 1, [13797]], ['Doc2', 0, []]]"
589,unexpected,"[['Doc1', 1, [19120]], ['Doc2', 0, []]]"
590,th,"[['Doc1', 2, [15924, 16197]], ['Doc2', 0, []]]"
591,founding,"[['Doc1', 1, [7190]], ['Doc2', 0, []]]"
592,interaction,"[['Doc1', 4, [18859, 20095, 39016, 41057]], ['Doc2', 0, []]]"
593,empirical,"[['Doc1', 1, [1257]], ['Doc2', 0, []]]"
594,company,"[['Doc1', 2, [5394, 18546]], ['Doc2', 0, []]]"
595,maintenance,"[['Doc1', 1, [38032]], ['Doc2', 0, []]]"
596,international,"[['Doc1', 9, [14104, 16772, 18466, 6893, 7288, 14258, 14852, 27189, 31076]], ['Doc2', 0, []]]"
597,trying,"[['Doc1', 1, [13314]], ['Doc2', 0, []]]"
598,science,"[['Doc1', 7, [16408, 1792, 14421, 31908, 34917, 35994, 39872]], ['Doc2', 0, []]]"
599,combination,"[['Doc1', 1, [4083]], ['Doc2', 0, []]]"
600,chemical,"[['Doc1', 2, [22684, 30753]], ['Doc2', 0, []]]"
601,because,"[['Doc1', 4, [5808, 15166, 2404, 22225]], ['Doc2', 0, []]]"
602,concise,"[['Doc1', 1, [9955]], ['Doc2', 0, []]]"
603,fall,"[['Doc1', 1, [28280]], ['Doc2', 0, []]]"
604,customer,"[['Doc1', 8, [4991, 5047, 5079, 5223, 5425, 5527, 10670, 26658]], ['Doc2', 0, []]]"
605,digital,"[['Doc1', 5, [15630, 15976, 38741, 38776, 39931]], ['Doc2', 0, []]]"
606,much,"[['Doc1', 1, [10226]], ['Doc2', 0, []]]"
607,evaluative,"[['Doc1', 1, [12786]], ['Doc2', 0, []]]"
608,newly,"[['Doc1', 1, [17362]], ['Doc2', 0, []]]"
609,subjective,"[['Doc1', 1, [6137]], ['Doc2', 0, []]]"
610,technical,"[['Doc1', 2, [14592, 14666]], ['Doc2', 0, []]]"
611,inadvertent,"[['Doc1', 1, [18238]], ['Doc2', 0, []]]"
612,create,"[['Doc1', 3, [6468, 20300, 41298]], ['Doc2', 0, []]]"
613,gap,"[['Doc1', 1, [8422]], ['Doc2', 0, []]]"
614,underway,"[['Doc1', 1, [18768]], ['Doc2', 0, []]]"
615,slowly,"[['Doc1', 1, [36514]], ['Doc2', 0, []]]"
616,likeliness,"[['Doc1', 1, [7670]], ['Doc2', 0, []]]"
617,rendering,"[['Doc1', 1, [39592]], ['Doc2', 0, []]]"
618,ethnographic,"[['Doc1', 1, [17429]], ['Doc2', 0, []]]"
619,san,"[['Doc1', 1, [6190]], ['Doc2', 0, []]]"
620,interestingness,"[['Doc1', 1, [2233]], ['Doc2', 0, []]]"
621,play,"[['Doc1', 1, [17273]], ['Doc2', 0, []]]"
622,based,"[['Doc1', 9, [1083, 5296, 8505, 11443, 17096, 17788, 17951, 18154, 23219]], ['Doc2', 0, []]]"
623,enforcement,"[['Doc1', 1, [16554]], ['Doc2', 0, []]]"
624,legislation,"[['Doc1', 1, [20051]], ['Doc2', 0, []]]"
625,exist,"[['Doc1', 2, [12645, 20614]], ['Doc2', 0, []]]"
626,problem,"[['Doc1', 3, [12226, 12292, 30717]], ['Doc2', 0, []]]"
627,must,"[['Doc1', 2, [9782, 9892]], ['Doc2', 0, []]]"
628,topology,"[['Doc1', 1, [1096]], ['Doc2', 0, []]]"
629,prevent,"[['Doc1', 1, [12421]], ['Doc2', 0, []]]"
630,function,"[['Doc1', 2, [12519, 11286]], ['Doc2', 0, []]]"
631,copyright,"[['Doc1', 9, [5193, 20303, 20364, 20480, 20578, 20828, 21182, 21729, 32996]], ['Doc2', 0, []]]"
632,instance,"[['Doc1', 1, [18462]], ['Doc2', 0, []]]"
633,acceptable,"[['Doc1', 1, [9992]], ['Doc2', 0, []]]"
634,organization,"[['Doc1', 2, [10861, 37560]], ['Doc2', 0, []]]"
635,reaching,"[['Doc1', 1, [15284]], ['Doc2', 0, []]]"
636,exploitation,"[['Doc1', 1, [18929]], ['Doc2', 0, []]]"
637,protection,"[['Doc1', 3, [19705, 19826, 35936]], ['Doc2', 0, []]]"
638,intended,"[['Doc1', 1, [19572]], ['Doc2', 0, []]]"
639,state,"[['Doc1', 1, [28305]], ['Doc2', 0, []]]"
640,name,"[['Doc1', 3, [435, 9874, 15605]], ['Doc2', 0, []]]"
641,notable,"[['Doc1', 3, [5089, 15841, 16006]], ['Doc2', 0, []]]"
642,practical,"[['Doc1', 4, [2885, 3026, 28442, 35363]], ['Doc2', 0, []]]"
643,performance,"[['Doc1', 2, [34030, 37512]], ['Doc2', 0, []]]"
644,responsible,"[['Doc1', 1, [7880]], ['Doc2', 0, []]]"
645,just,"[['Doc1', 1, [3021]], ['Doc2', 0, []]]"
646,some,"[['Doc1', 6, [8049, 10514, 11691, 10999, 14934, 16378]], ['Doc2', 0, []]]"
647,incomprehensibility,"[['Doc1', 1, [19885]], ['Doc2', 0, []]]"
648,morgan,"[['Doc1', 5, [15736, 27761, 28092, 34211, 35272]], ['Doc2', 0, []]]"
649,dredging,"[['Doc1', 2, [5549, 11584]], ['Doc2', 0, []]]"
650,method,"[['Doc1', 3, [2663, 18978, 39373]], ['Doc2', 0, []]]"
651,audio,"[['Doc1', 1, [24452]], ['Doc2', 0, []]]"
652,association,"[['Doc1', 10, [2738, 2808, 17960, 18494, 211, 10526, 10704, 14082, 25901, 33286]], ['Doc2', 0, []]]"
653,pipeline,"[['Doc1', 1, [12925]], ['Doc2', 0, []]]"
654,domain,"[['Doc1', 1, [26403]], ['Doc2', 0, []]]"
655,university,"[['Doc1', 4, [22740, 28311, 30415, 33934]], ['Doc2', 0, []]]"
656,inside,"[['Doc1', 2, [11666, 32439]], ['Doc2', 0, []]]"
657,determine,"[['Doc1', 1, [10751]], ['Doc2', 0, []]]"
658,understand,"[['Doc1', 1, [3200]], ['Doc2', 0, []]]"
659,provider,"[['Doc1', 1, [18315]], ['Doc2', 0, []]]"
660,look,"[['Doc1', 1, [8800]], ['Doc2', 0, []]]"
661,security,"[['Doc1', 12, [16538, 17782, 19156, 26710, 32638, 36021, 38831, 38868, 38922, 38939, 38960, 38981]], ['Doc2', 0, []]]"
662,along,"[['Doc1', 1, [3321]], ['Doc2', 0, []]]"
663,menu,"[['Doc1', 2, [19845, 40807]], ['Doc2', 0, []]]"
664,raised,"[['Doc1', 1, [16645]], ['Doc2', 0, []]]"
665,grown,"[['Doc1', 1, [7902]], ['Doc2', 0, []]]"
666,semantics,"[['Doc1', 1, [38213]], ['Doc2', 0, []]]"
667,have,"[['Doc1', 13, [1304, 3655, 10656, 11818, 7804, 7897, 9561, 14924, 15792, 16183, 19208, 19314, 28164]], ['Doc2', 0, []]]"
668,understanding,"[['Doc1', 3, [5016, 9095, 9114]], ['Doc2', 0, []]]"
669,glossary,"[['Doc1', 2, [1401, 1437]], ['Doc2', 0, []]]"
670,team,"[['Doc1', 1, [38056]], ['Doc2', 0, []]]"
671,curation,"[['Doc1', 1, [35779]], ['Doc2', 0, []]]"
672,bill,"[['Doc1', 1, [36911]], ['Doc2', 0, []]]"
673,possible,"[['Doc1', 1, [1522]], ['Doc2', 0, []]]"
674,word,"[['Doc1', 4, [11547, 13301, 11694, 40008]], ['Doc2', 0, []]]"
675,least,"[['Doc1', 1, [11325]], ['Doc2', 0, []]]"
676,editorial,"[['Doc1', 1, [29716]], ['Doc2', 0, []]]"
677,stakeholder,"[['Doc1', 3, [21321, 21651, 33134]], ['Doc2', 0, []]]"
678,extend,"[['Doc1', 1, [10789]], ['Doc2', 0, []]]"
679,animation,"[['Doc1', 1, [39582]], ['Doc2', 0, []]]"
680,hierarchical,"[['Doc1', 1, [689]], ['Doc2', 0, []]]"
681,classification,"[['Doc1', 8, [12808, 149, 11074, 23195, 23407, 23504, 25945, 37096]], ['Doc2', 0, []]]"
682,program,"[['Doc1', 2, [11180, 16619]], ['Doc2', 0, []]]"
683,consequently,"[['Doc1', 1, [6275]], ['Doc2', 0, []]]"
684,numerical,"[['Doc1', 1, [38472]], ['Doc2', 0, []]]"
685,contain,"[['Doc1', 2, [9916, 18020]], ['Doc2', 0, []]]"
686,model,"[['Doc1', 5, [12051, 2197, 15429, 38073, 38101]], ['Doc2', 0, []]]"
687,they,"[['Doc1', 8, [5152, 5246, 5327, 7863, 10541, 5575, 13607, 19551]], ['Doc2', 0, []]]"
688,week,"[['Doc1', 1, [32776]], ['Doc2', 0, []]]"
689,rather,"[['Doc1', 2, [18724, 21486]], ['Doc2', 0, []]]"
690,node,"[['Doc1', 1, [9128]], ['Doc2', 0, []]]"
691,it,"[['Doc1', 28, [498, 608, 1519, 7763, 8277, 8791, 11379, 12951, 13426, 15174, 2121, 2540, 6161, 7014, 8407, 8935, 12537, 12905, 13510, 13791, 14333, 15620, 16213, 17496, 20551, 21974, 22014, 24026]], ['Doc2', 0, []]]"
692,focus,"[['Doc1', 1, [21425]], ['Doc2', 0, []]]"
693,parallel,"[['Doc1', 3, [23434, 30540, 39134]], ['Doc2', 0, []]]"
694,readily,"[['Doc1', 1, [17939]], ['Doc2', 0, []]]"
695,eighth,"[['Doc1', 1, [18459]], ['Doc2', 0, []]]"
696,regulatory,"[['Doc1', 1, [19372]], ['Doc2', 0, []]]"
697,output,"[['Doc1', 1, [13235]], ['Doc2', 0, []]]"
698,unique,"[['Doc1', 1, [6205]], ['Doc2', 0, []]]"
699,larry,"[['Doc1', 1, [9924]], ['Doc2', 0, []]]"
700,displayed,"[['Doc1', 1, [22290]], ['Doc2', 0, []]]"
701,remove,"[['Doc1', 2, [296, 15327]], ['Doc2', 0, []]]"
702,discussion,"[['Doc1', 2, [19055, 21333]], ['Doc2', 0, []]]"
703,competitor,"[['Doc1', 1, [5379]], ['Doc2', 0, []]]"
704,commission,"[['Doc1', 1, [21298]], ['Doc2', 0, []]]"
705,etymology,"[['Doc1', 1, [4973]], ['Doc2', 0, []]]"
706,plate,"[['Doc1', 1, [26618]], ['Doc2', 0, []]]"
707,increase,"[['Doc1', 1, [5255]], ['Doc2', 0, []]]"
708,mutual,"[['Doc1', 1, [12603]], ['Doc2', 0, []]]"
709,legally,"[['Doc1', 1, [7872]], ['Doc2', 0, []]]"
710,energy,"[['Doc1', 1, [37231]], ['Doc2', 0, []]]"
711,simple,"[['Doc1', 1, [12203]], ['Doc2', 0, []]]"
712,mostly,"[['Doc1', 1, [2960]], ['Doc2', 0, []]]"
713,links,"[['Doc1', 9, [1936, 9672, 9729, 9983, 20180, 20458, 5447, 41142, 41818]], ['Doc2', 0, []]]"
714,profitability,"[['Doc1', 1, [5264]], ['Doc2', 0, []]]"
715,connection,"[['Doc1', 1, [9137]], ['Doc2', 0, []]]"
716,compact,"[['Doc1', 1, [11436]], ['Doc2', 0, []]]"
717,modeling,"[['Doc1', 8, [9145, 24854, 31384, 36172, 36266, 36307, 37750, 39700]], ['Doc2', 0, []]]"
718,test,"[['Doc1', 5, [4297, 4920, 13097, 13207, 13481]], ['Doc2', 0, []]]"
719,language,"[['Doc1', 16, [13177, 15442, 15481, 22875, 22899, 23636, 23726, 23938, 24140, 24217, 31375, 37707, 37741, 37759, 38129, 39237]], ['Doc2', 0, []]]"
720,government,"[['Doc1', 5, [4620, 4760, 16490, 20804, 31572]], ['Doc2', 0, []]]"
721,obviously,"[['Doc1', 1, [11836]], ['Doc2', 0, []]]"
722,regression,"[['Doc1', 7, [175, 526, 585, 7703, 11254, 23180, 26135]], ['Doc2', 0, []]]"
723,report,"[['Doc1', 1, [11504]], ['Doc2', 0, []]]"
724,original,"[['Doc1', 4, [21999, 27607, 28774, 31757]], ['Doc2', 0, []]]"
725,subset,"[['Doc1', 1, [12449]], ['Doc2', 0, []]]"
726,format,"[['Doc1', 2, [15557, 35820]], ['Doc2', 0, []]]"
727,multilingual,"[['Doc1', 1, [25105]], ['Doc2', 0, []]]"
728,totally,"[['Doc1', 1, [7372]], ['Doc2', 0, []]]"
729,kingdom,"[['Doc1', 1, [26650]], ['Doc2', 0, []]]"
730,separate,"[['Doc1', 1, [8933]], ['Doc2', 0, []]]"
731,supplant,"[['Doc1', 1, [21986]], ['Doc2', 0, []]]"
732,recovery,"[['Doc1', 1, [35957]], ['Doc2', 0, []]]"
733,configuration,"[['Doc1', 1, [37831]], ['Doc2', 0, []]]"
734,component,"[['Doc1', 3, [9347, 12904, 24383]], ['Doc2', 0, []]]"
735,intellectual,"[['Doc1', 1, [20654]], ['Doc2', 0, []]]"
736,syntactic,"[['Doc1', 2, [13725, 15003]], ['Doc2', 0, []]]"
737,turn,"[['Doc1', 2, [13991, 18631]], ['Doc2', 0, []]]"
738,of,"[['Doc1', 221, [356, 519, 798, 953, 1036, 1105, 1355, 1389, 1454, 1580, 2170, 2199, 2225, 2326, 2542, 3109, 3238, 3308, 3443, 3734, 3814, 3908, 4016, 4095, 4110, 4881, 5040, 5220, 5515, 5564, 5610, 6521, 6639, 7123, 7167, 7200, 7470, 7621, 7681, 7819, 7843, 7909, 8305, 8385, 8462, 9158, 9195, 9449, 9476, 9669, 9726, 9778, 9879, 9945, 9980, 10104, 10200, 10231, 10396, 10858, 10985, 11070, 11203, 11398, 11424, 11929, 12177, 12438, 12700, 12914, 13191, 13245, 13390, 13722, 14609, 14683, 14773, 15000, 15120, 15389, 15696, 16538, 16597, 16756, 16950, 17513, 17830, 18022, 18175, 18452, 18625, 20673, 20737, 1410, 1446, 1495, 1545, 1596, 1677, 1780, 2026, 2301, 2439, 2484, 2521, 2603, 2740, 3372, 3392, 3467, 3726, 3737, 4124, 4374, 4410, 4424, 4563, 4658, 4697, 4826, 5608, 5784, 5885, 7398, 7519, 7572, 7636, 7781, 8109, 8308, 8353, 9546, 9584, 9665, 10335, 10424, 10938, 11103, 11459, 11559, 11749, 12056, 12218, 12330, 12701, 13106, 13403, 13490, 13548, 14606, 15684, 15825, 15883, 16023, 16252, 17031, 17148, 17167, 17205, 17546, 17606, 17779, 18071, 18169, 18261, 18471, 18505, 18810, 18978, 19369, 19823, 19882, 20208, 20239, 20404, 20473, 20759, 21061, 21393, 21549, 22080, 22183, 22233, 23501, 23549, 23663, 24037, 24513, 25102, 25274, 26546, 26926, 27211, 27407, 27523, 28725, 29079, 30276, 30617, 30725, 30750, 31268, 31333, 31518, 31669, 31889, 32128, 32276, 32365, 33298, 33400, 34311, 34661, 35514, 36956, 38086, 38107, 38260, 39391, 42034, 42098]], ['Doc2', 0, []]]"
739,physics,"[['Doc1', 1, [39797]], ['Doc2', 0, []]]"
740,interpreter,"[['Doc1', 1, [37573]], ['Doc2', 0, []]]"
741,deep,"[['Doc1', 2, [1002, 24171]], ['Doc2', 0, []]]"
742,indexed,"[['Doc1', 1, [8594]], ['Doc2', 0, []]]"
743,intention,"[['Doc1', 2, [8343, 26045]], ['Doc2', 0, []]]"
744,very,"[['Doc1', 4, [12724, 13211, 14880, 37179]], ['Doc2', 0, []]]"
745,history,"[['Doc1', 2, [19968, 40930]], ['Doc2', 0, []]]"
746,general,"[['Doc1', 4, [2126, 12471, 3135, 13011]], ['Doc2', 0, []]]"
747,congress,"[['Doc1', 1, [19344]], ['Doc2', 0, []]]"
748,hypothesis,"[['Doc1', 1, [12181]], ['Doc2', 0, []]]"
749,personal,"[['Doc1', 6, [6524, 6960, 7481, 7545, 19850, 40812]], ['Doc2', 0, []]]"
750,advanced,"[['Doc1', 1, [22773]], ['Doc2', 0, []]]"
751,analyses,"[['Doc1', 1, [23422]], ['Doc2', 0, []]]"
752,cleanup,"[['Doc1', 4, [131, 181, 19488, 19620]], ['Doc2', 0, []]]"
753,usage,"[['Doc1', 27, [1754, 2063, 2292, 3054, 3077, 3159, 3265, 3375, 3446, 4273, 4510, 5571, 5961, 6219, 6378, 6436, 6610, 8379, 14776, 15821, 15880, 16153, 17801, 17995, 18103, 18772, 34481]], ['Doc2', 0, []]]"
754,or,"[['Doc1', 31, [2583, 3298, 4102, 5536, 6739, 6806, 8133, 8473, 8533, 9512, 10618, 11039, 2076, 2623, 3350, 4526, 5541, 5952, 9176, 10055, 10475, 11008, 11240, 11390, 16501, 16547, 16627, 16743, 17075, 17330, 18411]], ['Doc2', 0, []]]"
755,higher,"[['Doc1', 2, [4738, 10845]], ['Doc2', 0, []]]"
756,mobile,"[['Doc1', 2, [20899, 42260]], ['Doc2', 0, []]]"
757,m,"[['Doc1', 1, [30702]], ['Doc2', 0, []]]"
758,trend,"[['Doc1', 2, [7464, 7590]], ['Doc2', 0, []]]"
759,intelligence,"[['Doc1', 12, [13549, 16821, 1424, 1460, 2798, 3242, 8465, 26337, 36630, 36844, 39405, 39441]], ['Doc2', 0, []]]"
760,industry,"[['Doc1', 1, [15033]], ['Doc2', 0, []]]"
761,controversial,"[['Doc1', 2, [8082, 8313]], ['Doc2', 0, []]]"
762,informed,"[['Doc1', 1, [19845]], ['Doc2', 0, []]]"
763,to,"[['Doc1', 170, [77, 96, 139, 293, 382, 544, 633, 640, 825, 1005, 1421, 1531, 3135, 3197, 3681, 3715, 3791, 4177, 4386, 4594, 4680, 4806, 5076, 5374, 5411, 5466, 5756, 5985, 6212, 6871, 7536, 8155, 8285, 8488, 8773, 8832, 9055, 9113, 9183, 9384, 9495, 9687, 9846, 9998, 10527, 10682, 10786, 10832, 10946, 11092, 11500, 11815, 11906, 11945, 11969, 12014, 12201, 12492, 12528, 12737, 13237, 13360, 13484, 15224, 15324, 17463, 18232, 19170, 19651, 19693, 20067, 20660, 79, 98, 383, 1836, 2591, 3009, 3212, 3400, 3956, 4163, 4294, 4503, 4647, 4681, 4796, 4917, 5558, 5567, 5939, 6215, 6295, 8530, 8615, 8711, 8725, 9913, 9970, 10102, 10883, 11135, 11144, 11202, 11276, 11946, 12418, 12596, 12737, 12945, 13057, 13199, 13254, 13321, 13474, 13672, 13807, 13953, 14947, 15166, 15703, 15749, 16279, 16835, 17235, 17355, 17387, 17398, 17524, 17534, 17711, 17810, 17890, 18047, 18126, 18308, 18426, 18599, 18654, 18777, 18918, 19066, 19140, 19186, 19496, 19616, 19905, 20148, 20651, 20794, 20815, 20850, 20952, 21042, 21231, 21447, 21530, 21638, 22564, 23306, 27941, 29623, 31289, 31875, 33649, 35033, 35616, 40402, 41029, 42021]], ['Doc2', 0, []]]"
764,develop,"[['Doc1', 1, [10685]], ['Doc2', 0, []]]"
765,may,"[['Doc1', 15, [119, 20619, 3760, 4742, 12641, 13660, 16179, 17863, 17931, 19679, 20554, 20610, 21675, 34540, 41980]], ['Doc2', 0, []]]"
766,judgment,"[['Doc1', 1, [33382]], ['Doc2', 0, []]]"
767,bodily,"[['Doc1', 1, [18414]], ['Doc2', 0, []]]"
768,biannual,"[['Doc1', 1, [14352]], ['Doc2', 0, []]]"
769,implement,"[['Doc1', 1, [12329]], ['Doc2', 0, []]]"
770,compression,"[['Doc1', 2, [35756, 39682]], ['Doc2', 0, []]]"
771,relationship,"[['Doc1', 4, [1232, 2134, 5000, 26758]], ['Doc2', 0, []]]"
772,establish,"[['Doc1', 1, [4974]], ['Doc2', 0, []]]"
773,show,"[['Doc1', 2, [6241, 9318]], ['Doc2', 0, []]]"
774,two,"[['Doc1', 4, [4207, 8929, 9260, 11182]], ['Doc2', 0, []]]"
775,cleaning,"[['Doc1', 1, [10197]], ['Doc2', 0, []]]"
776,distributed,"[['Doc1', 2, [39153, 39418]], ['Doc2', 0, []]]"
777,kim,"[['Doc1', 1, [31792]], ['Doc2', 0, []]]"
778,trading,"[['Doc1', 1, [8031]], ['Doc2', 0, []]]"
779,topic,"[['Doc1', 1, [6540]], ['Doc2', 0, []]]"
780,article,"[['Doc1', 6, [111, 241, 15096, 15240, 5752, 19622]], ['Doc2', 0, []]]"
781,be,"[['Doc1', 51, [1413, 1479, 2019, 3399, 3718, 3922, 3968, 4378, 6844, 6903, 7098, 8204, 8575, 8758, 8885, 9244, 19654, 19696, 3012, 3708, 3764, 3948, 4799, 4882, 8714, 9755, 9787, 9897, 9973, 10460, 11893, 11949, 12026, 12404, 13374, 13463, 13573, 13664, 16042, 16363, 17390, 17537, 17685, 17703, 17846, 17872, 17947, 19123, 20558, 21234, 40405]], ['Doc2', 0, []]]"
782,below,"[['Doc1', 1, [7428]], ['Doc2', 0, []]]"
783,oracle,"[['Doc1', 2, [25178, 25222]], ['Doc2', 0, []]]"
784,necessity,"[['Doc1', 1, [19955]], ['Doc2', 0, []]]"
785,chemistry,"[['Doc1', 1, [39819]], ['Doc2', 0, []]]"
786,authority,"[['Doc1', 1, [40129]], ['Doc2', 0, []]]"
787,series,"[['Doc1', 1, [26237]], ['Doc2', 0, []]]"
788,hard,"[['Doc1', 1, [8280]], ['Doc2', 0, []]]"
789,business,"[['Doc1', 14, [3817, 2840, 6686, 9086, 15706, 19641, 24827, 26328, 28942, 32294, 32767, 32875, 36621, 36835]], ['Doc2', 0, []]]"
790,prentice,"[['Doc1', 1, [33668]], ['Doc2', 0, []]]"
791,too,"[['Doc1', 2, [4750, 12123]], ['Doc2', 0, []]]"
792,preservation,"[['Doc1', 3, [14620, 14694, 35923]], ['Doc2', 0, []]]"
793,before,"[['Doc1', 7, [6921, 13330, 9721, 10140, 17175, 17563, 32091]], ['Doc2', 0, []]]"
794,media,"[['Doc1', 2, [27123, 35602]], ['Doc2', 0, []]]"
795,view,"[['Doc1', 6, [2308, 2316, 2321, 11237, 20906, 42267]], ['Doc2', 0, []]]"
796,local,"[['Doc1', 1, [943]], ['Doc2', 0, []]]"
797,roc,"[['Doc1', 1, [13707]], ['Doc2', 0, []]]"
798,paper,"[['Doc1', 1, [7410]], ['Doc2', 0, []]]"
799,lawsuit,"[['Doc1', 1, [18526]], ['Doc2', 0, []]]"
800,majority,"[['Doc1', 1, [20230]], ['Doc2', 0, []]]"
801,level,"[['Doc1', 3, [3886, 10852, 19876]], ['Doc2', 0, []]]"
802,review,"[['Doc1', 2, [5777, 29072]], ['Doc2', 0, []]]"
803,realize,"[['Doc1', 1, [12154]], ['Doc2', 0, []]]"
804,difference,"[['Doc1', 2, [1182, 4215]], ['Doc2', 0, []]]"
805,proprietary,"[['Doc1', 5, [2715, 2756, 5340, 24597, 24700]], ['Doc2', 0, []]]"
806,collection,"[['Doc1', 3, [17618, 23538, 35745]], ['Doc2', 0, []]]"
807,actually,"[['Doc1', 2, [9842, 11982]], ['Doc2', 0, []]]"
808,talk,"[['Doc1', 1, [12658]], ['Doc2', 0, []]]"
809,throughout,"[['Doc1', 1, [16051]], ['Doc2', 0, []]]"
810,awareness,"[['Doc1', 1, [16609]], ['Doc2', 0, []]]"
811,target,"[['Doc1', 5, [5281, 10005, 9766, 9876, 10164]], ['Doc2', 0, []]]"
812,significant,"[['Doc1', 1, [3660]], ['Doc2', 0, []]]"
813,introduction,"[['Doc1', 2, [29610, 35020]], ['Doc2', 0, []]]"
814,gnu,"[['Doc1', 1, [24044]], ['Doc2', 0, []]]"
815,logic,"[['Doc1', 1, [38207]], ['Doc2', 0, []]]"
816,exchange,"[['Doc1', 1, [15548]], ['Doc2', 0, []]]"
817,time,"[['Doc1', 3, [6097, 10003, 26232]], ['Doc2', 0, []]]"
818,regardless,"[['Doc1', 1, [4399]], ['Doc2', 0, []]]"
819,convolutional,"[['Doc1', 1, [1098]], ['Doc2', 0, []]]"
820,source,"[['Doc1', 2, [10024, 22579]], ['Doc2', 0, []]]"
821,added,"[['Doc1', 1, [3088]], ['Doc2', 0, []]]"
822,premier,"[['Doc1', 1, [14036]], ['Doc2', 0, []]]"
823,extricate,"[['Doc1', 1, [558]], ['Doc2', 0, []]]"
824,standard,"[['Doc1', 7, [13381, 9016, 9432, 15042, 15120, 15402, 31280]], ['Doc2', 0, []]]"
825,whole,"[['Doc1', 1, [12105]], ['Doc2', 0, []]]"
826,extension,"[['Doc1', 1, [31258]], ['Doc2', 0, []]]"
827,specially,"[['Doc1', 2, [4025, 8086]], ['Doc2', 0, []]]"
828,multiple,"[['Doc1', 4, [3904, 23450, 27812, 40332]], ['Doc2', 0, []]]"
829,representation,"[['Doc1', 4, [2523, 12130, 11444, 39267]], ['Doc2', 0, []]]"
830,free,"[['Doc1', 6, [54, 56, 5281, 22415, 34567, 35464]], ['Doc2', 0, []]]"
831,minimization,"[['Doc1', 1, [1272]], ['Doc2', 0, []]]"
832,limitation,"[['Doc1', 1, [20879]], ['Doc2', 0, []]]"
833,intelligent,"[['Doc1', 5, [10698, 10751, 18249, 1865, 24896]], ['Doc2', 0, []]]"
834,fair,"[['Doc1', 5, [18333, 21780, 21845, 22049, 33420]], ['Doc2', 0, []]]"
835,tag,"[['Doc1', 1, [9519]], ['Doc2', 0, []]]"
836,logistic,"[['Doc1', 1, [576]], ['Doc2', 0, []]]"
837,religion,"[['Doc1', 1, [8524]], ['Doc2', 0, []]]"
838,cannot,"[['Doc1', 2, [8751, 12019]], ['Doc2', 0, []]]"
839,concurrency,"[['Doc1', 1, [39101]], ['Doc2', 0, []]]"
840,mart,"[['Doc1', 2, [10050, 36396]], ['Doc2', 0, []]]"
841,indexing,"[['Doc1', 1, [10381]], ['Doc2', 0, []]]"
842,passage,"[['Doc1', 1, [19361]], ['Doc2', 0, []]]"
843,latent,"[['Doc1', 1, [5692]], ['Doc2', 0, []]]"
844,ai,"[['Doc1', 2, [11002, 6594]], ['Doc2', 0, []]]"
845,related,"[['Doc1', 5, [4169, 1473, 4580, 26825, 35608]], ['Doc2', 0, []]]"
846,his,"[['Doc1', 1, [8514]], ['Doc2', 0, []]]"
847,times,"[['Doc1', 2, [12241, 9486]], ['Doc2', 0, []]]"
848,facilitate,"[['Doc1', 1, [1605]], ['Doc2', 0, []]]"
849,mainly,"[['Doc1', 1, [921]], ['Doc2', 0, []]]"
850,march,"[['Doc1', 3, [30384, 31647, 32065]], ['Doc2', 0, []]]"
851,relational,"[['Doc1', 4, [2595, 2623, 2640, 18398]], ['Doc2', 0, []]]"
852,design,"[['Doc1', 4, [37279, 37974, 38244, 39028]], ['Doc2', 0, []]]"
853,interesting,"[['Doc1', 3, [3147, 3431, 10463]], ['Doc2', 0, []]]"
854,neural,"[['Doc1', 6, [560, 975, 1112, 8138, 23790, 26119]], ['Doc2', 0, []]]"
855,background,"[['Doc1', 1, [4985]], ['Doc2', 0, []]]"
856,mark,"[['Doc1', 3, [28402, 28575, 35323]], ['Doc2', 0, []]]"
857,relevance,"[['Doc1', 1, [607]], ['Doc2', 0, []]]"
858,represent,"[['Doc1', 2, [11503, 12017]], ['Doc2', 0, []]]"
859,obtain,"[['Doc1', 1, [3959]], ['Doc2', 0, []]]"
860,subspace,"[['Doc1', 3, [15772, 26101, 31292]], ['Doc2', 0, []]]"
861,quantitative,"[['Doc1', 1, [26726]], ['Doc2', 0, []]]"
862,per,"[['Doc1', 1, [17127]], ['Doc2', 0, []]]"
863,opinion,"[['Doc1', 1, [13093]], ['Doc2', 0, []]]"
864,get,"[['Doc1', 1, [636]], ['Doc2', 0, []]]"
865,depending,"[['Doc1', 1, [3421]], ['Doc2', 0, []]]"
866,sequence,"[['Doc1', 1, [26155]], ['Doc2', 0, []]]"
867,analytics,"[['Doc1', 8, [13566, 3181, 15382, 23004, 25134, 26273, 26481, 26667]], ['Doc2', 0, []]]"
868,predictive,"[['Doc1', 6, [3833, 15371, 15418, 26470, 31357, 35248]], ['Doc2', 0, []]]"
869,code,"[['Doc1', 4, [13186, 13277, 13376, 22586]], ['Doc2', 0, []]]"
870,basket,"[['Doc1', 1, [10896]], ['Doc2', 0, []]]"
871,rule,"[['Doc1', 7, [8362, 17972, 3570, 10538, 10716, 25913, 32833]], ['Doc2', 0, []]]"
872,count,"[['Doc1', 1, [31703]], ['Doc2', 0, []]]"
873,available,"[['Doc1', 6, [10899, 20533, 15989, 22507, 24684, 41894]], ['Doc2', 0, []]]"
874,page,"[['Doc1', 14, [753, 1556, 3567, 9379, 9479, 9618, 9950, 10155, 20164, 20282, 20469, 41126, 41244, 41829]], ['Doc2', 0, []]]"
875,more,"[['Doc1', 16, [4105, 5550, 5851, 10693, 15263, 19976, 3130, 3282, 3966, 6578, 6666, 8671, 11431, 19789, 28174, 40938]], ['Doc2', 0, []]]"
876,safe,"[['Doc1', 1, [18851]], ['Doc2', 0, []]]"
877,reveal,"[['Doc1', 2, [547, 1424]], ['Doc2', 0, []]]"
878,ontology,"[['Doc1', 1, [2586]], ['Doc2', 0, []]]"
879,revelation,"[['Doc1', 1, [18250]], ['Doc2', 0, []]]"
880,favor,"[['Doc1', 1, [33394]], ['Doc2', 0, []]]"
881,present,"[['Doc1', 4, [9851, 12996, 14748, 19581]], ['Doc2', 0, []]]"
882,usually,"[['Doc1', 3, [12642, 3616, 8485]], ['Doc2', 0, []]]"
883,losing,"[['Doc1', 1, [5518]], ['Doc2', 0, []]]"
884,stream,"[['Doc1', 1, [23077]], ['Doc2', 0, []]]"
885,title,"[['Doc1', 1, [21387]], ['Doc2', 0, []]]"
886,used,"[['Doc1', 17, [1416, 4381, 6508, 9831, 12957, 3767, 3951, 4289, 4885, 5512, 5685, 6323, 6783, 9380, 13667, 15953, 16366]], ['Doc2', 0, []]]"
887,divided,"[['Doc1', 2, [2022, 9247]], ['Doc2', 0, []]]"
888,semi,"[['Doc1', 1, [15713]], ['Doc2', 0, []]]"
889,bagging,"[['Doc1', 1, [483]], ['Doc2', 0, []]]"
890,development,"[['Doc1', 5, [10973, 15140, 37798, 37902, 37923]], ['Doc2', 0, []]]"
891,best,"[['Doc1', 1, [11689]], ['Doc2', 0, []]]"
892,instead,"[['Doc1', 1, [7192]], ['Doc2', 0, []]]"
893,organized,"[['Doc1', 1, [648]], ['Doc2', 0, []]]"
894,act,"[['Doc1', 3, [11022, 19452, 20123]], ['Doc2', 0, []]]"
895,treating,"[['Doc1', 1, [7138]], ['Doc2', 0, []]]"
896,accessibility,"[['Doc1', 1, [39087]], ['Doc2', 0, []]]"
897,attractive,"[['Doc1', 1, [4583]], ['Doc2', 0, []]]"
898,number,"[['Doc1', 5, [9662, 9719, 9973, 11742, 26611]], ['Doc2', 0, []]]"
899,browsing,"[['Doc1', 4, [3338, 16922, 17484, 19131]], ['Doc2', 0, []]]"
900,short,"[['Doc1', 1, [6091]], ['Doc2', 0, []]]"
901,corruption,"[['Doc1', 1, [35768]], ['Doc2', 0, []]]"
902,python,"[['Doc1', 3, [23760, 23904, 24121]], ['Doc2', 0, []]]"
903,for,"[['Doc1', 74, [1487, 1648, 3981, 7326, 7368, 7892, 10716, 10874, 11299, 11594, 11751, 11783, 12934, 13747, 15025, 16896, 17616, 18136, 18795, 18985, 1507, 1964, 3094, 3796, 3855, 4760, 6085, 6505, 6849, 7607, 9033, 10031, 10585, 10622, 10832, 11157, 11346, 12918, 13277, 14094, 14967, 14996, 15059, 15308, 15360, 16525, 16826, 17188, 18562, 19965, 21012, 21150, 21405, 21776, 22059, 23176, 23689, 23752, 23972, 24113, 24193, 24279, 24403, 24810, 25259, 25458, 25759, 26877, 28881, 29369, 32006, 33110, 33263, 36809]], ['Doc2', 0, []]]"
904,drug,"[['Doc1', 1, [26429]], ['Doc2', 0, []]]"
905,given,"[['Doc1', 3, [4478, 9900, 32959]], ['Doc2', 0, []]]"
906,gather,"[['Doc1', 1, [10655]], ['Doc2', 0, []]]"
907,cross,"[['Doc1', 2, [12588, 15027]], ['Doc2', 0, []]]"
908,benefit,"[['Doc1', 1, [4908]], ['Doc2', 0, []]]"
909,civil,"[['Doc1', 1, [21590]], ['Doc2', 0, []]]"
910,exploratory,"[['Doc1', 1, [26444]], ['Doc2', 0, []]]"
911,turned,"[['Doc1', 2, [3971, 6288]], ['Doc2', 0, []]]"
912,but,"[['Doc1', 11, [6483, 7990, 10537, 15135, 4149, 6151, 11965, 12279, 15231, 17135, 20590]], ['Doc2', 0, []]]"
913,applicable,"[['Doc1', 1, [12378]], ['Doc2', 0, []]]"
914,store,"[['Doc1', 3, [20089, 36351, 41051]], ['Doc2', 0, []]]"
915,had,"[['Doc1', 1, [13513]], ['Doc2', 0, []]]"
916,detection,"[['Doc1', 6, [194, 928, 10356, 22811, 25891, 38896]], ['Doc2', 0, []]]"
917,future,"[['Doc1', 3, [15382, 11999, 19593]], ['Doc2', 0, []]]"
918,operating,"[['Doc1', 1, [37612]], ['Doc2', 0, []]]"
919,reason,"[['Doc1', 2, [189, 19569]], ['Doc2', 0, []]]"
920,measure,"[['Doc1', 1, [36469]], ['Doc2', 0, []]]"
921,unfortunately,"[['Doc1', 1, [28238]], ['Doc2', 0, []]]"
922,mouse,"[['Doc1', 1, [7058]], ['Doc2', 0, []]]"
923,attract,"[['Doc1', 1, [5122]], ['Doc2', 0, []]]"
924,reach,"[['Doc1', 1, [19189]], ['Doc2', 0, []]]"
925,sexual,"[['Doc1', 2, [8136, 8536]], ['Doc2', 0, []]]"
926,bag,"[['Doc1', 2, [2538, 11420]], ['Doc2', 0, []]]"
927,naive,"[['Doc1', 1, [537]], ['Doc2', 0, []]]"
928,reliable,"[['Doc1', 1, [4764]], ['Doc2', 0, []]]"
929,manual,"[['Doc1', 1, [7554]], ['Doc2', 0, []]]"
930,measured,"[['Doc1', 1, [13576]], ['Doc2', 0, []]]"
931,strengthen,"[['Doc1', 1, [18788]], ['Doc2', 0, []]]"
932,applied,"[['Doc1', 8, [4128, 4258, 6320, 2583, 8431, 8717, 13191, 13466]], ['Doc2', 0, []]]"
933,reduction,"[['Doc1', 2, [780, 35966]], ['Doc2', 0, []]]"
934,augmented,"[['Doc1', 1, [7986]], ['Doc2', 0, []]]"
935,bear,"[['Doc1', 1, [12068]], ['Doc2', 0, []]]"
936,validity,"[['Doc1', 3, [6083, 12987, 4817]], ['Doc2', 0, []]]"
937,acquired,"[['Doc1', 1, [5203]], ['Doc2', 0, []]]"
938,querying,"[['Doc1', 1, [11861]], ['Doc2', 0, []]]"
939,revoke,"[['Doc1', 1, [19069]], ['Doc2', 0, []]]"
940,policy,"[['Doc1', 2, [20807, 42168]], ['Doc2', 0, []]]"
941,suite,"[['Doc1', 4, [23657, 23883, 24507, 25096]], ['Doc2', 0, []]]"
942,technology,"[['Doc1', 8, [4572, 4646, 4795, 5974, 6492, 7793, 31920, 40056]], ['Doc2', 0, []]]"
943,vision,"[['Doc1', 1, [39305]], ['Doc2', 0, []]]"
944,bases,"[['Doc1', 1, [14896]], ['Doc2', 0, []]]"
945,individual,"[['Doc1', 3, [6709, 7216, 8494]], ['Doc2', 0, []]]"
946,health,"[['Doc1', 1, [19404]], ['Doc2', 0, []]]"
947,temporal,"[['Doc1', 1, [1173]], ['Doc2', 0, []]]"
948,owner,"[['Doc1', 1, [20490]], ['Doc2', 0, []]]"
949,domestic,"[['Doc1', 2, [31680, 31836]], ['Doc2', 0, []]]"
950,ubiquity,"[['Doc1', 1, [7751]], ['Doc2', 0, []]]"
951,insufficient,"[['Doc1', 1, [15181]], ['Doc2', 0, []]]"
952,little,"[['Doc1', 2, [3747, 12073]], ['Doc2', 0, []]]"
953,symbolic,"[['Doc1', 1, [23693]], ['Doc2', 0, []]]"
954,major,"[['Doc1', 1, [6836]], ['Doc2', 0, []]]"
955,while,"[['Doc1', 3, [972, 9939, 16143]], ['Doc2', 0, []]]"
956,utilize,"[['Doc1', 1, [11638]], ['Doc2', 0, []]]"
957,retrieval,"[['Doc1', 3, [11227, 11363, 38821]], ['Doc2', 0, []]]"
958,scientific,"[['Doc1', 1, [24230]], ['Doc2', 0, []]]"
959,handbook,"[['Doc1', 2, [34652, 35505]], ['Doc2', 0, []]]"
960,unscrupulous,"[['Doc1', 1, [8942]], ['Doc2', 0, []]]"
961,give,"[['Doc1', 1, [19499]], ['Doc2', 0, []]]"
962,package,"[['Doc1', 1, [23279]], ['Doc2', 0, []]]"
963,dependability,"[['Doc1', 1, [37406]], ['Doc2', 0, []]]"
964,archaeology,"[['Doc1', 1, [35723]], ['Doc2', 0, []]]"
965,dilemma,"[['Doc1', 1, [1219]], ['Doc2', 0, []]]"
966,statistical,"[['Doc1', 13, [2687, 2796, 1313, 4484, 4773, 12169, 13640, 23706, 23976, 27526, 31604, 34314, 34664]], ['Doc2', 0, []]]"
967,retail,"[['Doc1', 1, [17279]], ['Doc2', 0, []]]"
968,primarily,"[['Doc1', 1, [28871]], ['Doc2', 0, []]]"
969,independently,"[['Doc1', 1, [15811]], ['Doc2', 0, []]]"
970,offer,"[['Doc1', 2, [5730, 19687]], ['Doc2', 0, []]]"
971,impact,"[['Doc1', 1, [32619]], ['Doc2', 0, []]]"
972,reasoning,"[['Doc1', 2, [6362, 39286]], ['Doc2', 0, []]]"
973,size,"[['Doc1', 1, [7911]], ['Doc2', 0, []]]"
974,also,"[['Doc1', 14, [1299, 1893, 5924, 6191, 2124, 2543, 5397, 14743, 17000, 17867, 21196, 22594, 25754, 35459]], ['Doc2', 0, []]]"
975,directed,"[['Doc1', 1, [9575]], ['Doc2', 0, []]]"
976,anyone,"[['Doc1', 1, [17333]], ['Doc2', 0, []]]"
977,vault,"[['Doc1', 1, [36301]], ['Doc2', 0, []]]"
978,optimization,"[['Doc1', 2, [24908, 25332]], ['Doc2', 0, []]]"
979,who,"[['Doc1', 4, [5356, 17340, 17694, 18624]], ['Doc2', 0, []]]"
980,pitch,"[['Doc1', 1, [6218]], ['Doc2', 0, []]]"
981,sixth,"[['Doc1', 1, [36401]], ['Doc2', 0, []]]"
982,complexity,"[['Doc1', 2, [2258, 38189]], ['Doc2', 0, []]]"
983,build,"[['Doc1', 1, [32259]], ['Doc2', 0, []]]"
984,migration,"[['Doc1', 1, [35891]], ['Doc2', 0, []]]"
985,text,"[['Doc1', 14, [2428, 2917, 11526, 12703, 13337, 20525, 21347, 22312, 22619, 24971, 25118, 26220, 33902, 41886]], ['Doc2', 0, []]]"
986,close,"[['Doc1', 1, [11666]], ['Doc2', 0, []]]"
987,might,"[['Doc1', 11, [5360, 6540, 7349, 8072, 8198, 8794, 3889, 10454, 10649, 11188, 17005]], ['Doc2', 0, []]]"
988,think,"[['Doc1', 1, [32085]], ['Doc2', 0, []]]"
989,those,"[['Doc1', 1, [10252]], ['Doc2', 0, []]]"
990,thus,"[['Doc1', 4, [3990, 5492, 6982, 12349]], ['Doc2', 0, []]]"
991,this,"[['Doc1', 53, [106, 236, 303, 450, 1379, 1468, 1570, 4567, 4641, 4790, 5800, 6487, 6770, 7404, 7585, 8426, 8556, 8811, 9002, 9813, 9882, 12125, 15091, 15235, 15334, 20277, 20464, 20639, 3611, 6561, 8977, 10815, 10856, 12091, 12221, 12429, 12454, 12607, 13029, 13202, 14224, 16830, 17103, 18361, 19076, 19934, 20785, 21216, 21450, 37043, 41239, 41824, 42000]], ['Doc2', 0, []]]"
992,interactivity,"[['Doc1', 1, [2404]], ['Doc2', 0, []]]"
993,evaluate,"[['Doc1', 2, [12531, 13675]], ['Doc2', 0, []]]"
994,simulation,"[['Doc1', 1, [25289]], ['Doc2', 0, []]]"
995,classifier,"[['Doc1', 2, [12660, 26071]], ['Doc2', 0, []]]"
996,computational,"[['Doc1', 10, [1227, 38175, 38318, 39757, 39783, 39805, 39829, 39851, 39880, 39906]], ['Doc2', 0, []]]"
997,made,"[['Doc1', 3, [6906, 8683, 4802]], ['Doc2', 0, []]]"
998,interpret,"[['Doc1', 2, [10621, 13956]], ['Doc2', 0, []]]"
999,transformative,"[['Doc1', 1, [22240]], ['Doc2', 0, []]]"
1000,geometry,"[['Doc1', 1, [38332]], ['Doc2', 0, []]]"
1001,chapter,"[['Doc1', 1, [18600]], ['Doc2', 0, []]]"
1002,effective,"[['Doc1', 1, [18235]], ['Doc2', 0, []]]"
1003,logical,"[['Doc1', 1, [32353]], ['Doc2', 0, []]]"
1004,reinforcement,"[['Doc1', 3, [229, 1133, 39513]], ['Doc2', 0, []]]"
1005,were,"[['Doc1', 3, [17457, 18116, 18194]], ['Doc2', 0, []]]"
1006,improve,"[['Doc1', 3, [228, 15227, 19173]], ['Doc2', 0, []]]"
1007,link,"[['Doc1', 6, [737, 1021, 2389, 2483, 11672, 40672]], ['Doc2', 0, []]]"
1008,noise,"[['Doc1', 1, [10242]], ['Doc2', 0, []]]"
1009,deployment,"[['Doc1', 2, [9165, 38012]], ['Doc2', 0, []]]"
1010,voting,"[['Doc1', 1, [39989]], ['Doc2', 0, []]]"
1011,attempt,"[['Doc1', 1, [11194]], ['Doc2', 0, []]]"
1012,judge,"[['Doc1', 1, [22124]], ['Doc2', 0, []]]"
1013,environment,"[['Doc1', 3, [23960, 25446, 37810]], ['Doc2', 0, []]]"
1014,collected,"[['Doc1', 3, [3504, 8659, 17827]], ['Doc2', 0, []]]"
1015,showing,"[['Doc1', 1, [11656]], ['Doc2', 0, []]]"
1016,overcome,"[['Doc1', 1, [13060]], ['Doc2', 0, []]]"
1017,relation,"[['Doc1', 1, [16270]], ['Doc2', 0, []]]"
1018,settlement,"[['Doc1', 1, [22099]], ['Doc2', 0, []]]"
1019,necessarily,"[['Doc1', 1, [12886]], ['Doc2', 0, []]]"
1020,sarsa,"[['Doc1', 1, [1167]], ['Doc2', 0, []]]"
1021,occur,"[['Doc1', 2, [12804, 16838]], ['Doc2', 0, []]]"
1022,mathematical,"[['Doc1', 3, [8505, 38409, 38450]], ['Doc2', 0, []]]"
1023,enough,"[['Doc1', 3, [9906, 9963, 18028]], ['Doc2', 0, []]]"
1024,unit,"[['Doc1', 1, [39641]], ['Doc2', 0, []]]"
1025,consequence,"[['Doc1', 1, [18966]], ['Doc2', 0, []]]"
1026,belong,"[['Doc1', 1, [4156]], ['Doc2', 0, []]]"
1027,another,"[['Doc1', 3, [1309, 7258, 11011]], ['Doc2', 0, []]]"
1028,indiscretion,"[['Doc1', 1, [18366]], ['Doc2', 0, []]]"
1029,case,"[['Doc1', 1, [22137]], ['Doc2', 0, []]]"
1030,odds,"[['Doc1', 1, [12627]], ['Doc2', 0, []]]"
1031,repository,"[['Doc1', 1, [37882]], ['Doc2', 0, []]]"
1032,market,"[['Doc1', 1, [10889]], ['Doc2', 0, []]]"
1033,factor,"[['Doc1', 3, [790, 957, 26010]], ['Doc2', 0, []]]"
1034,unusual,"[['Doc1', 2, [3503, 10427]], ['Doc2', 0, []]]"
1035,c,"[['Doc1', 4, [14372, 27265, 27854, 32083]], ['Doc2', 0, []]]"
1036,term,"[['Doc1', 9, [2370, 3062, 5662, 5982, 6465, 6566, 6642, 16153, 28840]], ['Doc2', 0, []]]"
1037,academic,"[['Doc1', 9, [16433, 6812, 14361, 30862, 30922, 32933, 34108, 34713, 35162]], ['Doc2', 0, []]]"
1038,behavior,"[['Doc1', 6, [3347, 5768, 17078, 12006, 16291, 26283]], ['Doc2', 0, []]]"
1039,clustered,"[['Doc1', 1, [6861]], ['Doc2', 0, []]]"
1040,expose,"[['Doc1', 1, [18896]], ['Doc2', 0, []]]"
1041,how,"[['Doc1', 5, [280, 15311, 13590, 17667, 17823]], ['Doc2', 0, []]]"
1042,comprehensible,"[['Doc1', 1, [1939]], ['Doc2', 0, []]]"
1043,against,"[['Doc1', 5, [4836, 8207, 8367, 4925, 18534]], ['Doc2', 0, []]]"
1044,within,"[['Doc1', 1, [9982]], ['Doc2', 0, []]]"
1045,traditional,"[['Doc1', 2, [6021, 12740]], ['Doc2', 0, []]]"
1046,ways,"[['Doc1', 2, [12009, 16333]], ['Doc2', 0, []]]"
1047,investigating,"[['Doc1', 1, [12109]], ['Doc2', 0, []]]"
1048,expand,"[['Doc1', 1, [12577]], ['Doc2', 0, []]]"
1049,society,"[['Doc1', 3, [4916, 21080, 21596]], ['Doc2', 0, []]]"
1050,image,"[['Doc1', 2, [39602, 39676]], ['Doc2', 0, []]]"
1051,bing,"[['Doc1', 3, [15758, 16277, 34410]], ['Doc2', 0, []]]"
1052,log,"[['Doc1', 3, [3837, 4363, 19304]], ['Doc2', 0, []]]"
1053,optics,"[['Doc1', 1, [747]], ['Doc2', 0, []]]"
1054,infer,"[['Doc1', 1, [11909]], ['Doc2', 0, []]]"
1055,query,"[['Doc1', 1, [17105]], ['Doc2', 0, []]]"
1056,effectiveness,"[['Doc1', 1, [4360]], ['Doc2', 0, []]]"
1057,criminal,"[['Doc1', 1, [4939]], ['Doc2', 0, []]]"
1058,reading,"[['Doc1', 1, [5427]], ['Doc2', 0, []]]"
1059,cube,"[['Doc1', 1, [36700]], ['Doc2', 0, []]]"
1060,compromise,"[['Doc1', 1, [16761]], ['Doc2', 0, []]]"
1061,inadvertently,"[['Doc1', 1, [18199]], ['Doc2', 0, []]]"
1062,fishing,"[['Doc1', 1, [5533]], ['Doc2', 0, []]]"
1063,without,"[['Doc1', 7, [6782, 16551, 19559, 5626, 11030, 15276, 20450]], ['Doc2', 0, []]]"
1064,formal,"[['Doc1', 2, [38122, 38853]], ['Doc2', 0, []]]"
1065,promotional,"[['Doc1', 1, [5447]], ['Doc2', 0, []]]"
1066,once,"[['Doc1', 2, [13422, 17293]], ['Doc2', 0, []]]"
1067,taxonomy,"[['Doc1', 2, [13751, 15029]], ['Doc2', 0, []]]"
1068,second,"[['Doc1', 1, [20924]], ['Doc2', 0, []]]"
1069,newsletter,"[['Doc1', 1, [7244]], ['Doc2', 0, []]]"
1070,integrate,"[['Doc1', 1, [23309]], ['Doc2', 0, []]]"
1071,message,"[['Doc1', 1, [19728]], ['Doc2', 0, []]]"
1072,training,"[['Doc1', 3, [11565, 12969, 13390]], ['Doc2', 0, []]]"
1073,try,"[['Doc1', 1, [5407]], ['Doc2', 0, []]]"
1074,legal,"[['Doc1', 2, [14656, 21455]], ['Doc2', 0, []]]"
1075,mass,"[['Doc1', 1, [26786]], ['Doc2', 0, []]]"
1076,would,"[['Doc1', 3, [1473, 13368, 13457]], ['Doc2', 0, []]]"
1077,category,"[['Doc1', 3, [12387, 40092, 40663]], ['Doc2', 0, []]]"
1078,registered,"[['Doc1', 2, [20716, 42077]], ['Doc2', 0, []]]"
1079,foreign,"[['Doc1', 2, [1855, 13135]], ['Doc2', 0, []]]"
1080,biology,"[['Doc1', 1, [39843]], ['Doc2', 0, []]]"
1081,degradation,"[['Doc1', 1, [35788]], ['Doc2', 0, []]]"
1082,sequential,"[['Doc1', 1, [3583]], ['Doc2', 0, []]]"
1083,strong,"[['Doc1', 2, [8355, 18731]], ['Doc2', 0, []]]"
1084,associated,"[['Doc1', 2, [6005, 16225]], ['Doc2', 0, []]]"
1085,consent,"[['Doc1', 1, [19854]], ['Doc2', 0, []]]"
1086,population,"[['Doc1', 1, [4709]], ['Doc2', 0, []]]"
1087,arise,"[['Doc1', 1, [12304]], ['Doc2', 0, []]]"
1088,execute,"[['Doc1', 2, [8618, 23399]], ['Doc2', 0, []]]"
1089,section,"[['Doc1', 5, [9007, 15427, 12459, 12588, 31561]], ['Doc2', 0, []]]"
1090,dialogue,"[['Doc1', 2, [21663, 33146]], ['Doc2', 0, []]]"
1091,outlined,"[['Doc1', 1, [5634]], ['Doc2', 0, []]]"
1092,essential,"[['Doc1', 1, [10092]], ['Doc2', 0, []]]"
1093,kurgan,"[['Doc1', 1, [30235]], ['Doc2', 0, []]]"
1094,each,"[['Doc1', 1, [20175]], ['Doc2', 0, []]]"
1095,amend,"[['Doc1', 1, [20818]], ['Doc2', 0, []]]"
1096,together,"[['Doc1', 2, [10798, 16914]], ['Doc2', 0, []]]"
1097,power,"[['Doc1', 1, [7775]], ['Doc2', 0, []]]"
1098,many,"[['Doc1', 8, [4051, 4539, 8958, 9495, 12127, 13594, 14759, 15567]], ['Doc2', 0, []]]"
1099,only,"[['Doc1', 7, [3083, 9409, 9820, 12540, 15623, 20143, 21123]], ['Doc2', 0, []]]"
1100,serious,"[['Doc1', 1, [7972]], ['Doc2', 0, []]]"
1101,through,"[['Doc1', 4, [5873, 11593, 16847, 19837]], ['Doc2', 0, []]]"
1102,automata,"[['Doc1', 1, [38138]], ['Doc2', 0, []]]"
1103,global,"[['Doc1', 1, [18998]], ['Doc2', 0, []]]"
1104,anchor,"[['Doc1', 1, [36259]], ['Doc2', 0, []]]"
1105,accurate,"[['Doc1', 1, [3971]], ['Doc2', 0, []]]"
1106,logging,"[['Doc1', 1, [3956]], ['Doc2', 0, []]]"
1107,exception,"[['Doc1', 2, [20994, 21113]], ['Doc2', 0, []]]"
1108,solution,"[['Doc1', 1, [21438]], ['Doc2', 0, []]]"
1109,geographic,"[['Doc1', 1, [38622]], ['Doc2', 0, []]]"
1110,poll,"[['Doc1', 1, [30221]], ['Doc2', 0, []]]"
1111,appropriately,"[['Doc1', 1, [28179]], ['Doc2', 0, []]]"
1112,concerned,"[['Doc1', 1, [4192]], ['Doc2', 0, []]]"
1113,both,"[['Doc1', 1, [643]], ['Doc2', 0, []]]"
1114,proper,"[['Doc1', 1, [12162]], ['Doc2', 0, []]]"
1115,status,"[['Doc1', 1, [17772]], ['Doc2', 0, []]]"
1116,one,"[['Doc1', 4, [4098, 13350, 18458, 22302]], ['Doc2', 0, []]]"
1117,define,"[['Doc1', 1, [14950]], ['Doc2', 0, []]]"
1118,dramatically,"[['Doc1', 1, [7809]], ['Doc2', 0, []]]"
1119,psychometrics,"[['Doc1', 1, [27102]], ['Doc2', 0, []]]"
1120,several,"[['Doc1', 4, [12001, 9532, 13632, 18134]], ['Doc2', 0, []]]"
1121,verify,"[['Doc1', 1, [12740]], ['Doc2', 0, []]]"
1122,top,"[['Doc1', 3, [3730, 30879, 30958]], ['Doc2', 0, []]]"
1123,ranging,"[['Doc1', 1, [5897]], ['Doc2', 0, []]]"
1124,goal,"[['Doc1', 4, [793, 1831, 2416, 19818]], ['Doc2', 0, []]]"
1125,probabilistic,"[['Doc1', 1, [5678]], ['Doc2', 0, []]]"
1126,raw,"[['Doc1', 1, [2102]], ['Doc2', 0, []]]"
1127,restore,"[['Doc1', 1, [18970]], ['Doc2', 0, []]]"
1128,book,"[['Doc1', 3, [2867, 22094, 40087]], ['Doc2', 0, []]]"
1129,categorize,"[['Doc1', 2, [1150, 8158]], ['Doc2', 0, []]]"
1130,tendency,"[['Doc1', 1, [7114]], ['Doc2', 0, []]]"
1131,pointing,"[['Doc1', 2, [9678, 9989]], ['Doc2', 0, []]]"
1132,recall,"[['Doc1', 1, [12847]], ['Doc2', 0, []]]"
1133,control,"[['Doc1', 3, [38684, 39365, 40139]], ['Doc2', 0, []]]"
1134,part,"[['Doc1', 4, [4119, 22075, 22220, 24032]], ['Doc2', 0, []]]"
1135,apply,"[['Doc1', 1, [11138]], ['Doc2', 0, []]]"
1136,form,"[['Doc1', 3, [6874, 2598, 36414]], ['Doc2', 0, []]]"
1137,when,"[['Doc1', 10, [288, 6328, 6503, 6678, 15319, 3197, 6878, 17278, 17443, 18099]], ['Doc2', 0, []]]"
1138,bee,"[['Doc1', 1, [11718]], ['Doc2', 0, []]]"
1139,law,"[['Doc1', 9, [8006, 5203, 16550, 20185, 20838, 21192, 29373, 31931, 33463]], ['Doc2', 0, []]]"
1140,resolve,"[['Doc1', 1, [12204]], ['Doc2', 0, []]]"
1141,mathematics,"[['Doc1', 2, [38374, 39771]], ['Doc2', 0, []]]"
1142,demonstrate,"[['Doc1', 1, [5929]], ['Doc2', 0, []]]"
1143,seen,"[['Doc1', 1, [3711]], ['Doc2', 0, []]]"
1144,august,"[['Doc1', 5, [18294, 18533, 29664, 32572, 40556]], ['Doc2', 0, []]]"
1145,framework,"[['Doc1', 4, [24251, 24393, 31996, 37777]], ['Doc2', 0, []]]"
1146,titled,"[['Doc1', 1, [14378]], ['Doc2', 0, []]]"
1147,desired,"[['Doc1', 3, [13261, 13759, 13911]], ['Doc2', 0, []]]"
1148,clustering,"[['Doc1', 9, [2864, 2995, 6928, 164, 667, 10913, 15781, 22643, 31301]], ['Doc2', 0, []]]"
1149,out,"[['Doc1', 2, [9707, 26922]], ['Doc2', 0, []]]"
1150,we,"[['Doc1', 1, [12322]], ['Doc2', 0, []]]"
1151,provided,"[['Doc1', 7, [18636, 25065, 25361, 25551, 25617, 25678, 25803]], ['Doc2', 0, []]]"
1152,feature,"[['Doc1', 6, [3768, 12339, 12441, 12557, 274, 294]], ['Doc2', 0, []]]"
1153,de,"[['Doc1', 3, [13666, 14564, 14950]], ['Doc2', 0, []]]"
1154,discovery,"[['Doc1', 24, [2970, 14763, 15949, 16222, 16708, 19278, 2044, 6481, 6769, 6947, 7173, 7477, 8650, 8779, 12714, 14168, 14619, 14694, 26434, 26988, 27954, 30289, 31115, 35642]], ['Doc2', 0, []]]"
1155,unsupervised,"[['Doc1', 2, [352, 39491]], ['Doc2', 0, []]]"
1156,generation,"[['Doc1', 1, [13078]], ['Doc2', 0, []]]"
1157,entity,"[['Doc1', 1, [25127]], ['Doc2', 0, []]]"
1158,take,"[['Doc1', 1, [11535]], ['Doc2', 0, []]]"
1159,machine,"[['Doc1', 37, [2670, 2779, 17303, 108, 624, 653, 1082, 1548, 1680, 2818, 2895, 2967, 3036, 3259, 3812, 4463, 6601, 8112, 12237, 12552, 14561, 22388, 23565, 23857, 24088, 24283, 24516, 25462, 28357, 28452, 28728, 28801, 29342, 33050, 35373, 37604, 39454]], ['Doc2', 0, []]]"
1160,essentially,"[['Doc1', 2, [4523, 7409]], ['Doc2', 0, []]]"
1161,what,"[['Doc1', 3, [20175, 5570, 41137]], ['Doc2', 0, []]]"
1162,restricted,"[['Doc1', 1, [1061]], ['Doc2', 0, []]]"
1163,joshi,"[['Doc1', 1, [18337]], ['Doc2', 0, []]]"
1164,total,"[['Doc1', 1, [16591]], ['Doc2', 0, []]]"
1165,idea,"[['Doc1', 2, [14313, 18676]], ['Doc2', 0, []]]"
1166,correctly,"[['Doc1', 1, [13612]], ['Doc2', 0, []]]"
1167,reality,"[['Doc1', 2, [39652, 39668]], ['Doc2', 0, []]]"
1168,various,"[['Doc1', 2, [3800, 16938]], ['Doc2', 0, []]]"
1169,apparently,"[['Doc1', 1, [11645]], ['Doc2', 0, []]]"
